entrada,salida,lado,R,ret,velas
2017-01-27 07:00:00+00:00,2017-01-27 12:00:00+00:00,-1,0.12835875090776847,0.0012835875090776846,21
2017-04-07 07:00:00+00:00,2017-04-07 12:00:00+00:00,1,0.25230414746545116,0.0025230414746545116,21
2017-05-01 07:00:00+00:00,2017-05-01 12:00:00+00:00,-1,-0.05237676056336525,-0.0005237676056336526,21
2017-05-16 07:00:00+00:00,2017-05-16 12:00:00+00:00,1,0.7455403987408048,0.007455403987408048,21
2017-06-06 07:00:00+00:00,2017-06-06 12:00:00+00:00,1,-0.3242597898758172,-0.0032425978987581723,21
2017-06-09 07:00:00+00:00,2017-06-09 12:00:00+00:00,-1,-0.07180851063830279,-0.000718085106383028,21
2017-07-04 07:00:00+00:00,2017-07-04 12:00:00+00:00,1,0.39923023093072557,0.003992302309307256,21
2017-07-07 07:00:00+00:00,2017-07-07 12:00:00+00:00,-1,0.03496503496505318,0.00034965034965053185,21
2017-07-18 07:00:00+00:00,2017-07-18 12:00:00+00:00,1,-0.1341298467087374,-0.001341298467087374,21
2017-09-05 07:00:00+00:00,2017-09-05 12:00:00+00:00,1,0.12200832466182586,0.0012200832466182586,21
2017-09-08 07:00:00+00:00,2017-09-08 12:00:00+00:00,1,-0.24839314408141205,-0.0024839314408141204,21
2017-09-15 07:00:00+00:00,2017-09-15 12:00:00+00:00,-1,-0.733951497860199,-0.0073395149786019895,21
2017-09-22 07:00:00+00:00,2017-09-22 12:00:00+00:00,1,0.18623310810811777,0.0018623310810811779,21
2017-10-20 07:00:00+00:00,2017-10-20 12:00:00+00:00,-1,-0.0073606729758240895,-7.36067297582409e-05,21
2017-11-17 07:00:00+00:00,2017-11-17 12:00:00+00:00,1,0.23026315789474996,0.0023026315789474996,21
2017-12-28 07:00:00+00:00,2017-12-28 12:00:00+00:00,1,0.08409090909092813,0.0008409090909092813,21
2018-01-05 07:00:00+00:00,2018-01-05 12:00:00+00:00,-1,-0.526340996168627,-0.00526340996168627,21
2018-01-09 07:00:00+00:00,2018-01-09 12:00:00+00:00,1,-0.2231884057970958,-0.0022318840579709583,21
2018-01-10 07:00:00+00:00,2018-01-10 10:30:00+00:00,1,-0.9999999999999892,-0.009999999999999893,15
2018-01-11 07:00:00+00:00,2018-01-11 12:00:00+00:00,-1,0.32662082514734364,0.0032662082514734363,21
2018-01-17 07:00:00+00:00,2018-01-17 12:00:00+00:00,-1,0.0923366834170712,0.000923366834170712,21
2018-01-26 07:00:00+00:00,2018-01-26 12:00:00+00:00,1,0.32699530516429337,0.0032699530516429338,21
2018-02-08 07:00:00+00:00,2018-02-08 12:00:00+00:00,-1,0.11815453863464337,0.0011815453863464338,21
2018-02-13 07:00:00+00:00,2018-02-13 10:30:00+00:00,1,-0.9999999999999942,-0.009999999999999943,15
2018-02-14 07:00:00+00:00,2018-02-14 12:00:00+00:00,1,0.20213784301212123,0.0020213784301212124,21
2018-02-26 07:00:00+00:00,2018-02-26 12:00:00+00:00,1,0.5094444444444582,0.005094444444444583,21
2018-03-13 07:00:00+00:00,2018-03-13 12:00:00+00:00,-1,-0.5537109374999886,-0.0055371093749998854,21
2018-04-10 07:00:00+00:00,2018-04-10 12:00:00+00:00,-1,0.2627410468319434,0.0026274104683194337,21
2018-04-13 07:00:00+00:00,2018-04-13 12:00:00+00:00,-1,-0.2463715529752991,-0.002463715529752991,21
2018-04-16 07:00:00+00:00,2018-04-16 12:00:00+00:00,1,0.2532594524119963,0.002532594524119963,21
2018-04-25 07:00:00+00:00,2018-04-25 12:00:00+00:00,-1,-0.1214114832535673,-0.001214114832535673,21
2018-05-09 07:00:00+00:00,2018-05-09 12:00:00+00:00,-1,-0.112971985383669,-0.0011297198538366899,21
2018-05-21 07:00:00+00:00,2018-05-21 12:00:00+00:00,-1,0.23623853211010554,0.0023623853211010553,21
2018-05-23 07:00:00+00:00,2018-05-23 08:00:00+00:00,1,-0.9999999999999962,-0.009999999999999962,5
2018-05-24 07:00:00+00:00,2018-05-24 12:00:00+00:00,1,0.11319148936171648,0.0011319148936171648,21
2018-05-29 07:00:00+00:00,2018-05-29 12:00:00+00:00,1,0.015449438202260968,0.00015449438202260967,21
2018-05-30 07:00:00+00:00,2018-05-30 12:00:00+00:00,-1,-0.13885245901638732,-0.0013885245901638732,21
2018-06-01 07:00:00+00:00,2018-06-01 12:00:00+00:00,-1,-0.5249999999999972,-0.005249999999999973,21
2018-06-11 07:00:00+00:00,2018-06-11 12:00:00+00:00,-1,0.08010563380285143,0.0008010563380285143,21
2018-06-19 07:00:00+00:00,2018-06-19 12:00:00+00:00,1,0.3919449901768184,0.003919449901768184,21
2018-06-25 07:00:00+00:00,2018-06-25 12:00:00+00:00,1,0.30754950495048355,0.0030754950495048357,21
2018-08-13 07:00:00+00:00,2018-08-13 12:00:00+00:00,1,0.4005859374999933,0.0040058593749999335,21
2018-08-14 07:00:00+00:00,2018-08-14 12:00:00+00:00,-1,0.3668674698795327,0.0036686746987953274,21
2018-08-22 07:00:00+00:00,2018-08-22 12:00:00+00:00,-1,0.4063467492260479,0.004063467492260479,21
2018-09-04 07:00:00+00:00,2018-09-04 12:00:00+00:00,-1,0.3228404099560851,0.003228404099560851,21
2018-09-11 07:00:00+00:00,2018-09-11 12:00:00+00:00,-1,0.26944894651539814,0.0026944894651539813,21
2018-09-18 07:00:00+00:00,2018-09-18 12:00:00+00:00,-1,0.20718390804597148,0.0020718390804597146,21
2018-09-21 07:00:00+00:00,2018-09-21 12:00:00+00:00,-1,0.36968085106380993,0.0036968085106380993,21
2018-10-03 07:00:00+00:00,2018-10-03 12:00:00+00:00,-1,-0.13184931506847472,-0.0013184931506847472,21
2018-10-12 07:00:00+00:00,2018-10-12 12:00:00+00:00,-1,0.3513601036268979,0.003513601036268979,21
2018-10-15 07:00:00+00:00,2018-10-15 12:00:00+00:00,1,-0.016311584553907153,-0.00016311584553907154,21
2018-10-23 07:00:00+00:00,2018-10-23 12:00:00+00:00,1,-0.19267877412031245,-0.0019267877412031246,21
2018-10-30 07:00:00+00:00,2018-10-30 12:00:00+00:00,-1,-0.5824000000000485,-0.005824000000000486,21
2018-11-02 07:00:00+00:00,2018-11-02 12:00:00+00:00,-1,0.262093023255812,0.0026209302325581204,21
2018-11-12 07:00:00+00:00,2018-11-12 12:00:00+00:00,-1,0.9839743589743031,0.00983974358974303,21
2018-11-13 07:00:00+00:00,2018-11-13 12:00:00+00:00,-1,-0.11696658097684387,-0.0011696658097684388,21
2018-11-16 07:00:00+00:00,2018-11-16 12:00:00+00:00,1,0.1614932885905775,0.0016149328859057749,21
2018-11-26 07:00:00+00:00,2018-11-26 12:00:00+00:00,-1,-0.045682730923714034,-0.0004568273092371403,21
2018-11-29 07:00:00+00:00,2018-11-29 12:00:00+00:00,1,0.2711661341852791,0.0027116613418527906,21
2018-12-03 07:00:00+00:00,2018-12-03 12:00:00+00:00,1,0.12863705972435568,0.001286370597243557,21
2018-12-04 07:00:00+00:00,2018-12-04 12:00:00+00:00,1,-0.6185344827586574,-0.0061853448275865745,21
2018-12-05 07:00:00+00:00,2018-12-05 12:00:00+00:00,-1,0.14498546511629007,0.0014498546511629007,21
2018-12-20 07:00:00+00:00,2018-12-20 12:00:00+00:00,1,-0.2510611205432897,-0.002510611205432897,21
2019-01-02 07:00:00+00:00,2019-01-02 09:15:00+00:00,1,-1.0,-0.01,10
2019-01-03 07:00:00+00:00,2019-01-03 12:00:00+00:00,1,0.8450384346610976,0.008450384346610976,21
2019-01-23 07:00:00+00:00,2019-01-23 12:00:00+00:00,-1,-0.008359872611465662,-8.359872611465662e-05,21
2019-02-04 07:00:00+00:00,2019-02-04 12:00:00+00:00,-1,-0.27808988764045156,-0.0027808988764045158,21
2019-02-20 07:00:00+00:00,2019-02-20 12:00:00+00:00,-1,0.01632462686570488,0.0001632462686570488,21
2019-02-26 07:00:00+00:00,2019-02-26 12:00:00+00:00,1,0.2219512195122256,0.002219512195122256,21
2019-03-01 07:00:00+00:00,2019-03-01 12:00:00+00:00,-1,0.007157464212662401,7.157464212662401e-05,21
2019-03-08 07:00:00+00:00,2019-03-08 12:00:00+00:00,1,0.1636029411764994,0.001636029411764994,21
2019-03-14 07:00:00+00:00,2019-03-14 12:00:00+00:00,-1,-0.09210526315787251,-0.0009210526315787252,21
2019-03-28 07:00:00+00:00,2019-03-28 12:00:00+00:00,1,0.5982008995502334,0.005982008995502334,21
2019-04-08 07:00:00+00:00,2019-04-08 12:00:00+00:00,1,0.01198630136992018,0.00011986301369920181,21
2019-04-25 07:00:00+00:00,2019-04-25 12:00:00+00:00,1,0.0924408014572299,0.0009244080145722989,21
2019-04-30 07:00:00+00:00,2019-04-30 12:00:00+00:00,1,-0.5018382352940871,-0.005018382352940871,21
2019-05-14 07:00:00+00:00,2019-05-14 12:00:00+00:00,-1,0.0335463258785945,0.00033546325878594497,21
2019-05-31 07:00:00+00:00,2019-05-31 12:00:00+00:00,1,-0.16557911908645967,-0.0016557911908645967,21
2019-06-18 07:00:00+00:00,2019-06-18 12:00:00+00:00,1,-0.21953405017919853,-0.002195340501791985,21
2019-06-19 07:00:00+00:00,2019-06-19 12:00:00+00:00,1,0.5185185185185598,0.005185185185185598,21
2019-06-20 07:00:00+00:00,2019-06-20 12:00:00+00:00,1,0.20852803738317643,0.0020852803738317643,21
2019-06-25 07:00:00+00:00,2019-06-25 12:00:00+00:00,1,0.07781456953642088,0.0007781456953642089,21
2019-06-26 07:00:00+00:00,2019-06-26 12:00:00+00:00,-1,-0.719821162444127,-0.00719821162444127,21
2019-06-27 07:00:00+00:00,2019-06-27 12:00:00+00:00,-1,0.5155405405405623,0.005155405405405623,21
2019-07-11 07:00:00+00:00,2019-07-11 12:00:00+00:00,1,0.2981927710843116,0.002981927710843116,21
2019-07-12 07:00:00+00:00,2019-07-12 12:00:00+00:00,1,-0.16048034934497818,-0.0016048034934497818,21
2019-07-19 07:00:00+00:00,2019-07-19 12:00:00+00:00,-1,0.031028368794297625,0.00031028368794297625,21
2019-07-30 07:00:00+00:00,2019-07-30 12:00:00+00:00,1,-0.3368200836820284,-0.0033682008368202845,21
2019-08-01 07:00:00+00:00,2019-08-01 12:00:00+00:00,-1,0.7456521739130472,0.007456521739130472,21
2019-08-02 07:00:00+00:00,2019-08-02 12:00:00+00:00,1,-0.22658959537573461,-0.002265895953757346,21
2019-08-05 07:00:00+00:00,2019-08-05 12:00:00+00:00,1,0.21163469557963924,0.0021163469557963924,21
2019-08-06 07:00:00+00:00,2019-08-06 12:00:00+00:00,-1,-0.04122222222221984,-0.00041222222222219845,21
2019-08-26 07:00:00+00:00,2019-08-26 12:00:00+00:00,-1,-0.2442544843049253,-0.002442544843049253,21
2019-09-19 07:00:00+00:00,2019-09-19 12:00:00+00:00,1,-0.0019509476031307886,-1.9509476031307887e-05,21
2019-11-11 07:00:00+00:00,2019-11-11 12:00:00+00:00,1,-0.08786610878666987,-0.0008786610878666987,21
2019-11-12 07:00:00+00:00,2019-11-12 12:00:00+00:00,-1,0.16565533980583477,0.0016565533980583478,21
2019-12-30 07:00:00+00:00,2019-12-30 12:00:00+00:00,1,0.008599508599488631,8.599508599488631e-05,21
2019-12-31 07:00:00+00:00,2019-12-31 10:45:00+00:00,1,-0.999999999999986,-0.00999999999999986,16
2020-01-03 07:00:00+00:00,2020-01-03 12:00:00+00:00,1,-0.2830188679245427,-0.0028301886792454272,21
2020-01-08 07:00:00+00:00,2020-01-08 12:00:00+00:00,-1,-0.7780254777070181,-0.007780254777070181,21
2020-01-09 07:00:00+00:00,2020-01-09 11:30:00+00:00,-1,-0.9999999999999788,-0.009999999999999789,19
2020-01-21 07:00:00+00:00,2020-01-21 12:00:00+00:00,1,0.5170454545454627,0.005170454545454627,21
2020-01-27 07:00:00+00:00,2020-01-27 12:00:00+00:00,-1,0.5018382352940938,0.005018382352940938,21
2020-02-04 07:00:00+00:00,2020-02-04 12:00:00+00:00,-1,-0.2847222222222222,-0.0028472222222222223,21
2020-02-20 07:00:00+00:00,2020-02-20 09:30:00+00:00,-1,-0.9999999999999895,-0.009999999999999894,11
2020-02-28 07:00:00+00:00,2020-02-28 12:00:00+00:00,1,-0.2792326431181649,-0.0027923264311816493,21
2020-03-02 07:00:00+00:00,2020-03-02 12:00:00+00:00,-1,0.8829378925331329,0.00882937892533133,21
2020-03-03 07:00:00+00:00,2020-03-03 12:00:00+00:00,1,-0.014592687620275564,-0.00014592687620275564,21
2020-03-09 07:00:00+00:00,2020-03-09 12:00:00+00:00,1,-0.25140699052133586,-0.0025140699052133586,21
2020-03-10 07:00:00+00:00,2020-03-10 12:00:00+00:00,-1,-0.017826086956520517,-0.00017826086956520518,21
2020-03-12 07:00:00+00:00,2020-03-12 12:00:00+00:00,1,0.007301808066751006,7.301808066751006e-05,21
2020-03-13 07:00:00+00:00,2020-03-13 12:00:00+00:00,-1,-0.7900400400400376,-0.007900400400400376,21
2020-03-20 07:00:00+00:00,2020-03-20 12:00:00+00:00,1,0.1872398001665211,0.0018723980016652109,21
2020-04-13 07:00:00+00:00,2020-04-13 12:00:00+00:00,1,0.03200000000001069,0.0003200000000001069,21
2020-04-27 07:00:00+00:00,2020-04-27 12:00:00+00:00,1,-0.10208333333335513,-0.0010208333333335514,21
2020-05-29 07:00:00+00:00,2020-05-29 12:00:00+00:00,1,-0.010736196319018872,-0.00010736196319018872,21
2020-06-02 07:00:00+00:00,2020-06-02 12:00:00+00:00,-1,-0.44264705882346833,-0.004426470588234683,21
2020-06-09 07:00:00+00:00,2020-06-09 12:00:00+00:00,1,0.16881028938907394,0.0016881028938907396,21
2020-06-10 07:00:00+00:00,2020-06-10 12:00:00+00:00,1,-0.013506063947087985,-0.00013506063947087986,21
2020-07-01 07:00:00+00:00,2020-07-01 12:00:00+00:00,1,-0.6306306306306172,-0.0063063063063061725,21
2020-07-10 07:00:00+00:00,2020-07-10 12:00:00+00:00,1,0.0,0.0,21
2020-07-24 07:00:00+00:00,2020-07-24 12:00:00+00:00,1,-0.14019337016572753,-0.0014019337016572752,21
2020-07-27 07:00:00+00:00,2020-07-27 12:00:00+00:00,1,-0.3843457943925179,-0.0038434579439251795,21
2020-07-28 07:00:00+00:00,2020-07-28 12:00:00+00:00,-1,0.40588578088576827,0.004058857808857683,21
2020-07-31 07:00:00+00:00,2020-07-31 12:00:00+00:00,1,1.1405172413793376,0.011405172413793376,21
2020-08-18 07:00:00+00:00,2020-08-18 12:00:00+00:00,1,-0.1859374999999898,-0.001859374999999898,21
2020-08-19 07:00:00+00:00,2020-08-19 12:00:00+00:00,-1,0.6204545454545742,0.006204545454545743,21
2020-08-28 07:00:00+00:00,2020-08-28 12:00:00+00:00,1,-0.7678010471204276,-0.007678010471204277,21
2020-09-21 07:00:00+00:00,2020-09-21 08:15:00+00:00,1,-0.999999999999977,-0.009999999999999771,6
2020-10-02 07:00:00+00:00,2020-10-02 12:00:00+00:00,1,0.10556300268096884,0.0010556300268096885,21
2020-10-21 07:00:00+00:00,2020-10-21 08:15:00+00:00,1,-0.9999999999999859,-0.00999999999999986,6
2020-10-26 07:00:00+00:00,2020-10-26 12:00:00+00:00,-1,0.031065088757395578,0.0003106508875739558,21
2020-10-28 07:00:00+00:00,2020-10-28 12:00:00+00:00,1,0.13959143968869467,0.0013959143968869468,21
2020-10-30 07:00:00+00:00,2020-10-30 12:00:00+00:00,1,0.3003378378378289,0.0030033783783782893,21
2020-11-04 07:00:00+00:00,2020-11-04 12:00:00+00:00,-1,0.49534659820282023,0.0049534659820282025,21
2020-11-09 07:00:00+00:00,2020-11-09 11:45:00+00:00,-1,-0.9999999999999947,-0.009999999999999946,20
2020-12-17 07:00:00+00:00,2020-12-17 12:00:00+00:00,1,-0.5795819935691271,-0.005795819935691271,21
2020-12-30 07:00:00+00:00,2020-12-30 12:00:00+00:00,1,-0.647663551401915,-0.00647663551401915,21
2021-01-04 07:00:00+00:00,2021-01-04 12:00:00+00:00,1,-0.4569444444444564,-0.004569444444444564,21
2021-01-05 07:00:00+00:00,2021-01-05 12:00:00+00:00,1,-0.3415427509294011,-0.0034154275092940114,21
2021-01-19 07:00:00+00:00,2021-01-19 12:00:00+00:00,-1,0.21484375000001626,0.002148437500000163,21
2021-01-29 07:00:00+00:00,2021-01-29 09:15:00+00:00,-1,-0.9999999999999741,-0.009999999999999742,10
2021-02-04 07:00:00+00:00,2021-02-04 12:00:00+00:00,-1,-0.5715090090090459,-0.005715090090090459,21
2021-02-09 07:00:00+00:00,2021-02-09 09:45:00+00:00,1,-0.9999999999999774,-0.009999999999999773,12
2021-03-05 07:00:00+00:00,2021-03-05 12:00:00+00:00,-1,-0.2536855036854907,-0.002536855036854907,21
2021-03-11 07:00:00+00:00,2021-03-11 12:00:00+00:00,-1,0.7144827586207046,0.007144827586207047,21
2021-03-30 07:00:00+00:00,2021-03-30 12:00:00+00:00,-1,-0.5234138972809442,-0.0052341389728094425,21
2021-03-31 07:00:00+00:00,2021-03-31 12:00:00+00:00,-1,-0.09732824427481268,-0.0009732824427481268,21
2021-04-13 07:00:00+00:00,2021-04-13 12:00:00+00:00,-1,0.7142319277108287,0.007142319277108287,21
2021-04-20 07:00:00+00:00,2021-04-20 12:00:00+00:00,-1,0.009102730819256666,9.102730819256666e-05,21
2021-04-28 07:00:00+00:00,2021-04-28 12:00:00+00:00,-1,0.47382671480141164,0.004738267148014117,21
2021-04-29 07:00:00+00:00,2021-04-29 12:00:00+00:00,-1,-0.5498489425981781,-0.005498489425981781,21
2021-05-03 07:00:00+00:00,2021-05-03 12:00:00+00:00,-1,0.20428015564203275,0.0020428015564203277,21
2021-05-04 07:00:00+00:00,2021-05-04 12:00:00+00:00,-1,0.2639462809917578,0.0026394628099175783,21
2021-05-10 07:00:00+00:00,2021-05-10 12:00:00+00:00,-1,0.4531981279251634,0.004531981279251634,21
2021-06-02 07:00:00+00:00,2021-06-02 12:00:00+00:00,-1,-0.2216446124763842,-0.002216446124763842,21
2021-06-18 07:00:00+00:00,2021-06-18 12:00:00+00:00,1,0.14257555847569053,0.0014257555847569053,21
2021-06-21 07:00:00+00:00,2021-06-21 12:00:00+00:00,1,0.320519098922625,0.0032051909892262496,21
2021-07-08 07:00:00+00:00,2021-07-08 12:00:00+00:00,1,-0.7372116349047068,-0.007372116349047068,21
2021-07-09 07:00:00+00:00,2021-07-09 12:00:00+00:00,-1,0.07204515272245865,0.0007204515272245865,21
2021-07-26 07:00:00+00:00,2021-07-26 12:00:00+00:00,1,0.04738878143132337,0.00047388781431323374,21
2021-08-16 07:00:00+00:00,2021-08-16 12:00:00+00:00,1,0.08575317604360526,0.0008575317604360526,21
2021-09-13 07:00:00+00:00,2021-09-13 12:00:00+00:00,-1,0.02874743326487144,0.0002874743326487144,21
2021-09-15 07:00:00+00:00,2021-09-15 12:00:00+00:00,1,-0.8408687943261905,-0.008408687943261906,21
2021-09-22 07:00:00+00:00,2021-09-22 12:00:00+00:00,-1,0.11442307692305025,0.0011442307692305024,21
2021-09-24 07:00:00+00:00,2021-09-24 12:00:00+00:00,-1,0.08108108108108406,0.0008108108108108406,21
2021-09-28 07:00:00+00:00,2021-09-28 12:00:00+00:00,-1,-0.24283559577678057,-0.0024283559577678057,21
2021-10-01 07:00:00+00:00,2021-10-01 12:00:00+00:00,1,0.08825338253381668,0.0008825338253381667,21
2021-10-11 07:00:00+00:00,2021-10-11 12:00:00+00:00,-1,-0.47977053140097264,-0.004797705314009726,21
2021-10-12 07:00:00+00:00,2021-10-12 12:00:00+00:00,1,0.5929911699779439,0.005929911699779439,21
2021-10-19 07:00:00+00:00,2021-10-19 12:00:00+00:00,1,0.5497382198952812,0.005497382198952812,21
2021-10-21 07:00:00+00:00,2021-10-21 12:00:00+00:00,1,0.24572808320951312,0.002457280832095131,21
2021-11-02 07:00:00+00:00,2021-11-02 12:00:00+00:00,1,0.03345802161263056,0.0003345802161263056,21
2021-11-09 07:00:00+00:00,2021-11-09 12:00:00+00:00,1,0.13791989664080545,0.0013791989664080546,21
2021-11-26 07:00:00+00:00,2021-11-26 08:15:00+00:00,1,-0.9999999999999967,-0.009999999999999967,6
2021-11-29 07:00:00+00:00,2021-11-29 12:00:00+00:00,1,0.11718749999999326,0.0011718749999999325,21
2021-11-30 07:00:00+00:00,2021-11-30 12:00:00+00:00,1,-0.11642411642412819,-0.001164241164241282,21
2021-12-30 07:00:00+00:00,2021-12-30 12:00:00+00:00,-1,0.2923627684963937,0.002923627684963937,21
2022-01-03 07:00:00+00:00,2022-01-03 12:00:00+00:00,-1,1.5489864864863714,0.015489864864863714,21
2022-01-04 07:00:00+00:00,2022-01-04 11:15:00+00:00,-1,-1.0000000000000058,-0.010000000000000057,18
2022-01-05 07:00:00+00:00,2022-01-05 11:45:00+00:00,1,-0.9999999999999944,-0.009999999999999945,20
2022-01-06 07:00:00+00:00,2022-01-06 12:00:00+00:00,1,-0.23382559774963205,-0.0023382559774963205,21
2022-01-14 07:00:00+00:00,2022-01-14 12:00:00+00:00,1,0.19931662870157352,0.001993166287015735,21
2022-01-18 07:00:00+00:00,2022-01-18 12:00:00+00:00,-1,0.256666666666675,0.00256666666666675,21
2022-02-08 07:00:00+00:00,2022-02-08 12:00:00+00:00,-1,0.5056228373702445,0.005056228373702445,21
2022-02-18 07:00:00+00:00,2022-02-18 12:00:00+00:00,-1,0.007070707070690731,7.070707070690732e-05,21
2022-02-24 07:00:00+00:00,2022-02-24 12:00:00+00:00,1,0.36736237144585177,0.0036736237144585175,21
2022-02-25 07:00:00+00:00,2022-02-25 12:00:00+00:00,1,0.5068664169787739,0.005068664169787739,21
2022-03-11 07:00:00+00:00,2022-03-11 12:00:00+00:00,-1,-0.3087215064420373,-0.0030872150644203726,21
2022-03-18 07:00:00+00:00,2022-03-18 12:00:00+00:00,-1,-0.613302752293568,-0.00613302752293568,21
2022-03-22 07:00:00+00:00,2022-03-22 12:00:00+00:00,-1,-0.37602319236016857,-0.0037602319236016857,21
2022-03-24 07:00:00+00:00,2022-03-24 12:00:00+00:00,-1,-0.0032679738562014535,-3.2679738562014535e-05,21
2022-03-25 07:00:00+00:00,2022-03-25 12:00:00+00:00,1,-0.11748496993987867,-0.0011748496993987867,21
2022-03-28 07:00:00+00:00,2022-03-28 08:30:00+00:00,-1,-1.0000000000000047,-0.010000000000000047,7
2022-03-30 07:00:00+00:00,2022-03-30 12:00:00+00:00,1,-0.13849380014588697,-0.0013849380014588698,21
2022-04-01 07:00:00+00:00,2022-04-01 12:00:00+00:00,-1,0.005309466019412476,5.3094660194124755e-05,21
2022-04-11 07:00:00+00:00,2022-04-11 12:00:00+00:00,-1,-0.3345410628019341,-0.003345410628019341,21
2022-04-13 07:00:00+00:00,2022-04-13 12:00:00+00:00,-1,0.2931572969903417,0.002931572969903417,21
2022-04-19 07:00:00+00:00,2022-04-19 12:00:00+00:00,-1,0.013409961685833874,0.00013409961685833873,21
2022-04-20 07:00:00+00:00,2022-04-20 12:00:00+00:00,1,-0.652849740932635,-0.006528497409326351,21
2022-04-27 07:00:00+00:00,2022-04-27 12:00:00+00:00,-1,-0.12224972497250562,-0.0012224972497250563,21
2022-04-28 07:00:00+00:00,2022-04-28 12:00:00+00:00,-1,-0.20345234582472757,-0.002034523458247276,21
2022-05-19 07:00:00+00:00,2022-05-19 12:00:00+00:00,-1,0.6224633596392732,0.006224633596392732,21
2022-06-01 07:00:00+00:00,2022-06-01 12:00:00+00:00,-1,-0.22516930022571732,-0.002251693002257173,21
2022-06-07 07:00:00+00:00,2022-06-07 12:00:00+00:00,-1,-0.11971393034827113,-0.0011971393034827112,21
2022-06-09 07:00:00+00:00,2022-06-09 12:00:00+00:00,1,-0.13251670378618152,-0.0013251670378618152,21
2022-06-10 07:00:00+00:00,2022-06-10 12:00:00+00:00,1,0.08560762100926494,0.0008560762100926494,21
2022-06-17 07:00:00+00:00,2022-06-17 12:00:00+00:00,-1,-0.16012182477968115,-0.0016012182477968115,21
2022-07-01 07:00:00+00:00,2022-07-01 12:00:00+00:00,1,0.2934376459598171,0.002934376459598171,21
2022-07-11 07:00:00+00:00,2022-07-11 12:00:00+00:00,-1,-0.5217303005686722,-0.005217303005686722,21
2022-07-14 07:00:00+00:00,2022-07-14 12:00:00+00:00,-1,-0.10958046336881362,-0.0010958046336881362,21
2022-07-22 07:00:00+00:00,2022-07-22 12:00:00+00:00,-1,1.0600961538461136,0.010600961538461136,21
2022-07-28 07:00:00+00:00,2022-07-28 12:00:00+00:00,1,0.22525804493016177,0.0022525804493016177,21
2022-07-29 07:00:00+00:00,2022-07-29 12:00:00+00:00,1,0.3945322622441058,0.003945322622441058,21
2022-08-01 07:00:00+00:00,2022-08-01 12:00:00+00:00,1,0.11162162162161723,0.0011162162162161723,21
2022-08-29 07:00:00+00:00,2022-08-29 12:00:00+00:00,-1,0.21782922429343,0.0021782922429343,21
2022-09-06 07:00:00+00:00,2022-09-06 11:30:00+00:00,-1,-1.0000000000000044,-0.010000000000000045,19
2022-09-07 07:00:00+00:00,2022-09-07 12:00:00+00:00,-1,-0.5115475387727458,-0.005115475387727458,21
2022-09-09 07:00:00+00:00,2022-09-09 12:00:00+00:00,1,-0.07245391356905377,-0.0007245391356905378,21
2022-09-14 07:00:00+00:00,2022-09-14 12:00:00+00:00,1,-0.1357954545454577,-0.0013579545454545769,21
2022-09-22 07:00:00+00:00,2022-09-22 12:00:00+00:00,-1,2.2677728613569417,0.02267772861356942,21
2022-10-24 07:00:00+00:00,2022-10-24 12:00:00+00:00,-1,0.13532716457368288,0.0013532716457368289,21
2022-11-01 07:00:00+00:00,2022-11-01 12:00:00+00:00,1,-0.5231316725978786,-0.005231316725978786,21
2022-11-28 07:00:00+00:00,2022-11-28 12:00:00+00:00,1,-0.07391662095446745,-0.0007391662095446746,21
2022-12-01 07:00:00+00:00,2022-12-01 12:00:00+00:00,1,0.008941605839404359,8.941605839404359e-05,21
2022-12-20 07:00:00+00:00,2022-12-20 12:00:00+00:00,1,-0.3051162347560922,-0.003051162347560922,21
2023-01-03 07:00:00+00:00,2023-01-03 12:00:00+00:00,1,0.7846675415573288,0.007846675415573288,21
2023-01-06 07:00:00+00:00,2023-01-06 12:00:00+00:00,-1,-0.452878247580206,-0.00452878247580206,21
2023-01-18 07:00:00+00:00,2023-01-18 12:00:00+00:00,-1,0.6935244403837311,0.006935244403837311,21
2023-02-13 07:00:00+00:00,2023-02-13 12:00:00+00:00,-1,-0.5630222841225243,-0.005630222841225243,21
2023-03-02 07:00:00+00:00,2023-03-02 12:00:00+00:00,-1,0.18800358102059964,0.0018800358102059964,21
2023-03-09 07:00:00+00:00,2023-03-09 12:00:00+00:00,1,-0.5616349480969246,-0.005616349480969246,21
2023-03-20 07:00:00+00:00,2023-03-20 12:00:00+00:00,1,-0.042885375494059165,-0.0004288537549405917,21
2023-03-29 07:00:00+00:00,2023-03-29 12:00:00+00:00,-1,-0.3509144350098084,-0.0035091443500980843,21
2023-04-19 07:00:00+00:00,2023-04-19 12:00:00+00:00,-1,-0.11612903225806806,-0.0011612903225806806,21
2023-04-28 07:00:00+00:00,2023-04-28 12:00:00+00:00,-1,-0.19179661761475897,-0.0019179661761475897,21
2023-05-03 07:00:00+00:00,2023-05-03 12:00:00+00:00,1,-0.578811369509051,-0.00578811369509051,21
2023-05-29 07:00:00+00:00,2023-05-29 12:00:00+00:00,1,-0.09693372898122994,-0.0009693372898122994,21
2023-06-01 07:00:00+00:00,2023-06-01 12:00:00+00:00,-1,0.4833916083916174,0.004833916083916174,21
2023-06-15 07:00:00+00:00,2023-06-15 12:00:00+00:00,-1,0.05595369349503092,0.0005595369349503091,21
2023-06-16 07:00:00+00:00,2023-06-16 12:00:00+00:00,-1,-0.0017641129032341715,-1.7641129032341716e-05,21
2023-06-21 07:00:00+00:00,2023-06-21 12:00:00+00:00,-1,0.21178343949042744,0.0021178343949042745,21
2023-07-06 07:00:00+00:00,2023-07-06 12:00:00+00:00,1,-0.1738410596026734,-0.0017384105960267342,21
2023-07-07 07:00:00+00:00,2023-07-07 12:00:00+00:00,1,-0.2146226415094142,-0.002146226415094142,21
2023-07-11 07:00:00+00:00,2023-07-11 12:00:00+00:00,1,-0.20159078442129355,-0.0020159078442129356,21
2023-07-12 07:00:00+00:00,2023-07-12 12:00:00+00:00,1,0.06743318831570444,0.0006743318831570444,21
2023-07-31 07:00:00+00:00,2023-07-31 12:00:00+00:00,-1,-0.1356998992950571,-0.001356998992950571,21
2023-09-11 07:00:00+00:00,2023-09-11 12:00:00+00:00,1,0.4846796657381591,0.0048467966573815914,21
2023-09-22 07:00:00+00:00,2023-09-22 12:00:00+00:00,-1,0.06264204545453504,0.0006264204545453504,21
2023-09-29 07:00:00+00:00,2023-09-29 12:00:00+00:00,1,0.4715094339622572,0.004715094339622572,21
2023-10-06 07:00:00+00:00,2023-10-06 12:00:00+00:00,-1,-0.22647058823531616,-0.0022647058823531616,21
2023-10-10 07:00:00+00:00,2023-10-10 12:00:00+00:00,-1,-0.22946685878964512,-0.0022946685878964513,21
2023-10-24 07:00:00+00:00,2023-10-24 12:00:00+00:00,1,0.5833333333333527,0.005833333333333527,21
2023-10-26 07:00:00+00:00,2023-10-26 12:00:00+00:00,-1,0.005119953188994749,5.119953188994749e-05,21
2023-10-30 07:00:00+00:00,2023-10-30 12:00:00+00:00,1,0.8120214395099572,0.008120214395099572,21
2023-10-31 07:00:00+00:00,2023-10-31 12:00:00+00:00,-1,-0.5648535564853371,-0.005648535564853371,21
2023-11-07 07:00:00+00:00,2023-11-07 12:00:00+00:00,-1,-0.05279034690801784,-0.0005279034690801785,21
2023-11-20 07:00:00+00:00,2023-11-20 09:30:00+00:00,1,-0.9999999999999954,-0.009999999999999955,11
2023-11-21 07:00:00+00:00,2023-11-21 12:00:00+00:00,1,0.031382727701755965,0.00031382727701755964,21
2023-11-22 07:00:00+00:00,2023-11-22 12:00:00+00:00,-1,0.18026755852841986,0.0018026755852841986,21
2023-11-27 07:00:00+00:00,2023-11-27 12:00:00+00:00,1,0.02310231023100143,0.00023102310231001432,21
2023-12-07 07:00:00+00:00,2023-12-07 08:15:00+00:00,1,-1.0,-0.01,6
2023-12-14 07:00:00+00:00,2023-12-14 12:00:00+00:00,1,-0.06884681583477972,-0.0006884681583477972,21
2023-12-19 07:00:00+00:00,2023-12-19 12:00:00+00:00,-1,-0.5888792855084968,-0.005888792855084968,21
2024-01-10 07:00:00+00:00,2024-01-10 12:00:00+00:00,-1,0.08220640569391949,0.0008220640569391948,21
2024-01-23 07:00:00+00:00,2024-01-23 12:00:00+00:00,1,0.4182419659735303,0.0041824196597353034,21
2024-01-31 07:00:00+00:00,2024-01-31 12:00:00+00:00,-1,0.05617704280153637,0.0005617704280153637,21
2024-02-08 07:00:00+00:00,2024-02-08 12:00:00+00:00,-1,-0.7497565725413469,-0.007497565725413469,21
2024-02-29 07:00:00+00:00,2024-02-29 12:00:00+00:00,1,0.2341394472361993,0.002341394472361993,21
2024-03-07 07:00:00+00:00,2024-03-07 12:00:00+00:00,1,-0.3671469740634021,-0.003671469740634021,21
2024-03-12 07:00:00+00:00,2024-03-12 12:00:00+00:00,-1,-0.05279204107830341,-0.0005279204107830341,21
2024-03-19 07:00:00+00:00,2024-03-19 12:00:00+00:00,-1,-0.012476894639563396,-0.00012476894639563396,21
2024-04-15 07:00:00+00:00,2024-04-15 12:00:00+00:00,-1,-0.0841346153846445,-0.0008413461538464451,21
2024-04-25 07:00:00+00:00,2024-04-25 12:00:00+00:00,-1,0.18313953488369097,0.0018313953488369099,21
2024-04-26 07:00:00+00:00,2024-04-26 12:00:00+00:00,-1,-0.37621595330739704,-0.0037621595330739705,21
2024-04-29 07:00:00+00:00,2024-04-29 12:00:00+00:00,1,-0.11971683929168353,-0.0011971683929168353,21
2024-05-30 07:00:00+00:00,2024-05-30 12:00:00+00:00,1,-0.02201257861636302,-0.0002201257861636302,21
2024-06-05 07:00:00+00:00,2024-06-05 12:00:00+00:00,-1,-0.3327740492169802,-0.003327740492169802,21
2024-06-14 07:00:00+00:00,2024-06-14 12:00:00+00:00,-1,0.6441273779983114,0.0064412737799831145,21
2024-07-05 07:00:00+00:00,2024-07-05 12:00:00+00:00,1,0.06015187849721091,0.0006015187849721091,21
2024-07-12 07:00:00+00:00,2024-07-12 12:00:00+00:00,-1,0.15458333333332683,0.0015458333333332683,21
2024-07-22 07:00:00+00:00,2024-07-22 12:00:00+00:00,1,0.27169260700387304,0.0027169260700387306,21
2024-07-24 07:00:00+00:00,2024-07-24 12:00:00+00:00,1,-0.2399827288428264,-0.002399827288428264,21
2024-07-25 07:00:00+00:00,2024-07-25 12:00:00+00:00,1,-0.08564231738036882,-0.0008564231738036882,21
2024-07-29 07:00:00+00:00,2024-07-29 12:00:00+00:00,1,0.3147338403041797,0.0031473384030417974,21
2024-07-30 07:00:00+00:00,2024-07-30 12:00:00+00:00,-1,0.11756525459990026,0.0011756525459990026,21
2024-08-05 07:00:00+00:00,2024-08-05 12:00:00+00:00,1,-0.07629608567907904,-0.0007629608567907905,21
2024-08-07 07:00:00+00:00,2024-08-07 12:00:00+00:00,-1,-0.18582504635091837,-0.0018582504635091838,21
2024-08-19 07:00:00+00:00,2024-08-19 12:00:00+00:00,1,0.05997910135840638,0.0005997910135840638,21
2024-09-06 07:00:00+00:00,2024-09-06 12:00:00+00:00,1,0.48295926849542337,0.004829592684954234,21
2024-09-11 07:00:00+00:00,2024-09-11 12:00:00+00:00,1,0.16554054054055478,0.0016554054054055479,21
2024-09-16 07:00:00+00:00,2024-09-16 12:00:00+00:00,1,0.015739983646763885,0.00015739983646763885,21
2024-09-24 07:00:00+00:00,2024-09-24 12:00:00+00:00,-1,0.41187433439829196,0.00411874334398292,21
2024-09-27 07:00:00+00:00,2024-09-27 12:00:00+00:00,1,-0.022789949440786317,-0.00022789949440786317,21
2024-10-23 07:00:00+00:00,2024-10-23 12:00:00+00:00,-1,-0.7248797434526788,-0.007248797434526788,21
2024-10-24 07:00:00+00:00,2024-10-24 12:00:00+00:00,1,-0.011356932153388297,-0.00011356932153388297,21
2024-10-31 07:00:00+00:00,2024-10-31 12:00:00+00:00,1,0.3712539432176605,0.0037125394321766048,21
2024-11-06 07:00:00+00:00,2024-11-06 12:00:00+00:00,-1,-0.06485575910717523,-0.0006485575910717523,21
2024-11-27 07:00:00+00:00,2024-11-27 12:00:00+00:00,1,-0.5179722359940735,-0.005179722359940735,21
2024-11-29 07:00:00+00:00,2024-11-29 12:00:00+00:00,1,0.02124645892351401,0.0002124645892351401,21
2024-12-05 07:00:00+00:00,2024-12-05 12:00:00+00:00,1,0.291534631054764,0.00291534631054764,21
2024-12-19 07:00:00+00:00,2024-12-19 12:00:00+00:00,-1,-0.3669652265542754,-0.003669652265542754,21
2024-12-31 07:00:00+00:00,2024-12-31 12:00:00+00:00,1,0.6667393199651226,0.006667393199651226,21
2025-01-02 07:00:00+00:00,2025-01-02 12:00:00+00:00,1,0.5862609786700161,0.005862609786700161,21
2025-01-15 07:00:00+00:00,2025-01-15 12:00:00+00:00,1,-0.3552238805970342,-0.0035522388059703418,21
2025-01-24 07:00:00+00:00,2025-01-24 12:00:00+00:00,1,0.3083999031711508,0.003083999031711508,21
2025-01-28 07:00:00+00:00,2025-01-28 12:00:00+00:00,-1,0.2878405650857621,0.0028784056508576214,21
2025-01-30 07:00:00+00:00,2025-01-30 12:00:00+00:00,1,0.1421755725190824,0.0014217557251908239,21
2025-02-05 07:00:00+00:00,2025-02-05 12:00:00+00:00,1,-0.32768523836877295,-0.0032768523836877294,21
2025-02-12 07:00:00+00:00,2025-02-12 12:00:00+00:00,-1,0.03705601092896957,0.0003705601092896957,21
2025-02-20 07:00:00+00:00,2025-02-20 12:00:00+00:00,1,0.1550747037609451,0.001550747037609451,21
2025-02-21 07:00:00+00:00,2025-02-21 12:00:00+00:00,-1,0.22306666666666733,0.0022306666666666733,21
2025-03-14 07:00:00+00:00,2025-03-14 12:00:00+00:00,-1,-0.03240740740743982,-0.0003240740740743982,21
2025-03-21 07:00:00+00:00,2025-03-21 12:00:00+00:00,-1,0.835396039603982,0.00835396039603982,21
2025-03-31 07:00:00+00:00,2025-03-31 12:00:00+00:00,1,0.3100426338228344,0.0031004263382283445,21
2025-04-03 07:00:00+00:00,2025-04-03 12:00:00+00:00,1,-0.38692265646351426,-0.003869226564635143,21
2025-04-09 07:00:00+00:00,2025-04-09 12:00:00+00:00,1,-0.06581938417027879,-0.0006581938417027878,21
2025-04-14 07:00:00+00:00,2025-04-14 12:00:00+00:00,1,0.41158536585366445,0.0041158536585366445,21
2025-04-23 07:00:00+00:00,2025-04-23 12:00:00+00:00,1,-0.04929577464788208,-0.0004929577464788208,21
2025-05-01 07:00:00+00:00,2025-05-01 12:00:00+00:00,-1,0.0700858193706673,0.0007008581937066729,21
2025-05-15 07:00:00+00:00,2025-05-15 12:00:00+00:00,1,0.425033921302547,0.00425033921302547,21
2025-05-27 07:00:00+00:00,2025-05-27 12:00:00+00:00,-1,-0.43801652892564186,-0.004380165289256418,21
2025-06-23 07:00:00+00:00,2025-06-23 12:00:00+00:00,-1,-0.36635670004767984,-0.0036635670004767987,21
2025-06-24 07:00:00+00:00,2025-06-24 12:00:00+00:00,1,-0.24532710280374917,-0.002453271028037492,21
2025-06-30 07:00:00+00:00,2025-06-30 12:00:00+00:00,1,0.47875310173696006,0.004787531017369601,21
2025-07-11 07:00:00+00:00,2025-07-11 12:00:00+00:00,-1,-0.11611374407582674,-0.0011611374407582674,21
2025-07-17 07:00:00+00:00,2025-07-17 12:00:00+00:00,-1,-0.17682926829270212,-0.0017682926829270212,21
2025-08-14 07:00:00+00:00,2025-08-14 12:00:00+00:00,1,0.0037433155080126004,3.7433155080126006e-05,21
2025-09-02 07:00:00+00:00,2025-09-02 07:45:00+00:00,-1,-0.9999999999999893,-0.009999999999999894,4
2025-09-16 07:00:00+00:00,2025-09-16 12:00:00+00:00,1,0.06806282722512308,0.0006806282722512309,21
2025-09-24 07:00:00+00:00,2025-09-24 12:00:00+00:00,-1,-0.8334213305174614,-0.008334213305174613,21
2025-09-29 07:00:00+00:00,2025-09-29 12:00:00+00:00,1,-0.2958579881656584,-0.002958579881656584,21
2025-09-30 07:00:00+00:00,2025-09-30 12:00:00+00:00,1,-0.14808682855042166,-0.0014808682855042166,21
2025-10-01 07:00:00+00:00,2025-10-01 12:00:00+00:00,1,-0.25471985383682433,-0.0025471985383682433,21
2025-10-15 07:00:00+00:00,2025-10-15 12:00:00+00:00,1,0.5653266331658376,0.005653266331658377,21
2025-10-23 07:00:00+00:00,2025-10-23 12:00:00+00:00,-1,-0.05366269165247322,-0.0005366269165247322,21
2025-10-28 07:00:00+00:00,2025-10-28 12:00:00+00:00,1,0.006043413912189769,6.0434139121897695e-05,21
2025-10-30 07:00:00+00:00,2025-10-30 12:00:00+00:00,-1,-0.44271672574927173,-0.004427167257492717,21
2025-11-04 07:00:00+00:00,2025-11-04 12:00:00+00:00,1,-0.05333683657382434,-0.0005333683657382434,21
2025-11-07 07:00:00+00:00,2025-11-07 12:00:00+00:00,-1,0.5250000000000041,0.005250000000000041,21
2025-11-12 07:00:00+00:00,2025-11-12 12:00:00+00:00,-1,-0.22194039315157277,-0.002219403931515728,21
2025-11-20 07:00:00+00:00,2025-11-20 12:00:00+00:00,-1,0.24657534246573243,0.0024657534246573243,21
2025-12-05 07:00:00+00:00,2025-12-05 12:00:00+00:00,1,0.5974065138721424,0.005974065138721424,21
2025-12-15 07:00:00+00:00,2025-12-15 12:00:00+00:00,1,-0.21029005524863392,-0.0021029005524863392,21
2025-12-17 07:00:00+00:00,2025-12-17 12:00:00+00:00,-1,-0.26199338296108754,-0.0026199338296108753,21
2025-12-23 07:00:00+00:00,2025-12-23 12:00:00+00:00,1,-0.16961362148006212,-0.0016961362148006213,21
2026-01-09 07:00:00+00:00,2026-01-09 12:00:00+00:00,-1,-0.3732517482517525,-0.003732517482517525,21
2026-01-13 07:00:00+00:00,2026-01-13 12:00:00+00:00,-1,-0.10891681627769073,-0.0010891681627769074,21
2026-01-26 07:00:00+00:00,2026-01-26 12:00:00+00:00,1,-0.3667409809485114,-0.003667409809485114,21
2026-01-30 07:00:00+00:00,2026-01-30 12:00:00+00:00,-1,0.03476215368532133,0.0003476215368532133,21
2026-02-10 07:00:00+00:00,2026-02-10 12:00:00+00:00,1,-0.1503067484662512,-0.001503067484662512,21
2026-02-11 07:00:00+00:00,2026-02-11 12:00:00+00:00,1,0.27101416171767206,0.002710141617176721,21
2026-02-17 07:00:00+00:00,2026-02-17 12:00:00+00:00,1,0.17833026396558702,0.0017833026396558702,21
2026-04-02 07:00:00+00:00,2026-04-02 12:00:00+00:00,-1,-0.47301255230128014,-0.004730125523012801,21
2026-04-08 07:00:00+00:00,2026-04-08 12:00:00+00:00,1,0.05766793409378014,0.0005766793409378014,21
2026-04-30 07:00:00+00:00,2026-04-30 12:00:00+00:00,-1,6.473776223776353,0.06473776223776354,21
2026-05-01 07:00:00+00:00,2026-05-01 12:00:00+00:00,1,0.36822916666666394,0.0036822916666666393,21
2026-05-06 07:00:00+00:00,2026-05-06 12:00:00+00:00,1,-0.1116788321167935,-0.001116788321167935,21
2026-06-30 07:00:00+00:00,2026-06-30 12:00:00+00:00,-1,-0.44057377049180335,-0.0044057377049180335,21
2026-07-02 07:00:00+00:00,2026-07-02 12:00:00+00:00,1,-0.31243641912514586,-0.003124364191251459,21
2026-07-03 07:00:00+00:00,2026-07-03 12:00:00+00:00,1,0.24454599056603263,0.0024454599056603263,21
2026-07-06 07:00:00+00:00,2026-07-06 12:00:00+00:00,-1,-0.1271929824561566,-0.001271929824561566,21
2026-07-10 07:00:00+00:00,2026-07-10 12:00:00+00:00,1,0.29684418145958547,0.002968441814595855,21
2026-07-13 07:00:00+00:00,2026-07-13 12:00:00+00:00,-1,0.15595425867508164,0.0015595425867508165,21
2026-07-29 07:00:00+00:00,2026-07-29 12:00:00+00:00,1,0.12236931432451935,0.0012236931432451936,21
2026-07-30 07:00:00+00:00,2026-07-30 12:00:00+00:00,-1,1.9357249626306272,0.019357249626306274,21
2026-08-03 07:00:00+00:00,2026-08-03 12:00:00+00:00,1,-0.09411219286046513,-0.0009411219286046512,21
2026-09-02 07:00:00+00:00,2026-09-02 12:00:00+00:00,1,0.025504484304943925,0.00025504484304943924,21
2026-09-03 07:00:00+00:00,2026-09-03 12:00:00+00:00,1,-0.7818512184694342,-0.007818512184694341,21
2026-09-04 07:00:00+00:00,2026-09-04 12:00:00+00:00,-1,-0.0025083612040252656,-2.5083612040252657e-05,21
2026-09-14 07:00:00+00:00,2026-09-14 12:00:00+00:00,-1,-0.3940058479532449,-0.003940058479532449,21
2026-09-25 07:00:00+00:00,2026-09-25 12:00:00+00:00,1,-0.4443692474282544,-0.004443692474282544,21
