entrada,salida,lado,ticker,ret,velas
2019-12-04 00:00:00+00:00,2020-01-03 00:00:00+00:00,1,CGEI,-0.15599998426437378,20
2018-01-02 00:00:00+00:00,2018-01-31 00:00:00+00:00,1,IDGC,-0.002,20
2023-01-05 00:00:00+00:00,2023-02-03 00:00:00+00:00,1,IHT,-0.024754507353193955,20
2026-06-09 00:00:00+00:00,2026-07-09 00:00:00+00:00,1,SVRE,-0.3201241818148085,20
2016-10-20 00:00:00+00:00,2016-11-17 00:00:00+00:00,1,BAC,0.21056026196333777,20
2021-07-21 00:00:00+00:00,2021-08-18 00:00:00+00:00,1,ACCR,0.5769472738268868,20
2026-04-16 00:00:00+00:00,2026-05-14 00:00:00+00:00,1,SVRE,0.31821004864865454,20
2026-05-07 00:00:00+00:00,2026-06-05 00:00:00+00:00,1,SVRE,-0.33474019993561843,20
2016-07-27 00:00:00+00:00,2016-08-24 00:00:00+00:00,1,DNP,0.0008170505952294089,20
2023-06-27 00:00:00+00:00,2023-07-26 00:00:00+00:00,1,LCID,0.17340978603675739,20
2026-07-07 00:00:00+00:00,2026-08-04 00:00:00+00:00,1,SVRE,0.48160647568296633,20
2024-11-05 00:00:00+00:00,2024-12-04 00:00:00+00:00,1,LCID,-0.0686666666666671,20
2025-09-16 00:00:00+00:00,2025-10-14 00:00:00+00:00,1,TSLA,0.016073135063410016,20
2026-03-16 00:00:00+00:00,2026-04-14 00:00:00+00:00,1,SVRE,0.2587142969661833,20
2022-12-28 00:00:00+00:00,2023-01-27 00:00:00+00:00,1,LCID,1.0152413555999245,20
2025-04-07 00:00:00+00:00,2025-05-06 00:00:00+00:00,1,AB,0.19724954656828397,20
2017-05-26 00:00:00+00:00,2017-06-26 00:00:00+00:00,1,MFIN,-0.18281192216801467,20
2024-09-20 00:00:00+00:00,2024-10-18 00:00:00+00:00,1,JEF,0.06856543107470126,20
2022-10-07 00:00:00+00:00,2022-11-04 00:00:00+00:00,1,SNX,0.10139637593649775,20
2026-06-16 00:00:00+00:00,2026-07-16 00:00:00+00:00,1,PBLS,0.09089203832945802,20
2020-11-10 00:00:00+00:00,2020-12-09 00:00:00+00:00,1,KHC,0.13413671599256238,20
2017-12-04 00:00:00+00:00,2018-01-03 00:00:00+00:00,1,WSC,0.15495078035406573,20
2023-03-09 00:00:00+00:00,2023-04-06 00:00:00+00:00,1,SMMT,0.07546480114756582,20
2016-05-16 00:00:00+00:00,2016-06-14 00:00:00+00:00,1,REED,-0.3546315789473685,20
2023-09-26 00:00:00+00:00,2023-10-24 00:00:00+00:00,1,ULH,-0.035305478140530755,20
2026-06-30 00:00:00+00:00,2026-07-29 00:00:00+00:00,1,JEF,0.10044095334564274,20
2023-08-04 00:00:00+00:00,2023-09-01 00:00:00+00:00,1,ULH,-0.1584982467113214,20
2025-12-15 00:00:00+00:00,2026-01-14 00:00:00+00:00,1,IMVT,0.04992309159498953,20
2022-09-12 00:00:00+00:00,2022-10-10 00:00:00+00:00,1,ASAN,-0.22944684735390763,20
2025-01-16 00:00:00+00:00,2025-02-14 00:00:00+00:00,1,IMVT,-0.14779829515083054,20
2026-08-24 00:00:00+00:00,2026-09-22 00:00:00+00:00,1,JEF,-0.08907379061934251,20
2026-07-20 00:00:00+00:00,2026-08-17 00:00:00+00:00,1,JEF,-0.013235974618666988,20
2025-08-15 00:00:00+00:00,2025-09-15 00:00:00+00:00,1,BHC,-0.14108876535084003,20
2026-05-05 00:00:00+00:00,2026-06-03 00:00:00+00:00,1,JEF,0.06147813050496964,20
2015-05-18 00:00:00+00:00,2015-06-16 00:00:00+00:00,1,SPB,0.016972574666278994,20
2015-07-07 00:00:00+00:00,2015-08-04 00:00:00+00:00,1,BH,-0.04258034217631268,20
2015-05-08 00:00:00+00:00,2015-06-08 00:00:00+00:00,1,MAC,-0.027222443960994047,20
2025-05-28 00:00:00+00:00,2025-06-26 00:00:00+00:00,1,JOBY,0.06797741643159316,20
2024-01-22 00:00:00+00:00,2024-02-20 00:00:00+00:00,1,TALO,-0.0012320065394804108,20
2025-06-18 00:00:00+00:00,2025-07-18 00:00:00+00:00,1,PTN,0.06466666666666665,20
2015-02-26 00:00:00+00:00,2015-03-26 00:00:00+00:00,1,ARMK,-0.009232750634332819,20
2015-03-18 00:00:00+00:00,2015-04-16 00:00:00+00:00,1,EPD,0.06255596835001231,20
2018-12-06 00:00:00+00:00,2019-01-07 00:00:00+00:00,1,ACAD,-0.03795982605303072,20
2017-06-12 00:00:00+00:00,2017-07-11 00:00:00+00:00,1,AIRT,0.0747237682268782,20
2015-12-16 00:00:00+00:00,2016-01-15 00:00:00+00:00,1,QSR,-0.09495384069253188,20
2025-12-12 00:00:00+00:00,2026-01-13 00:00:00+00:00,1,KYMR,-0.1753943242511381,20
2025-07-31 00:00:00+00:00,2025-08-28 00:00:00+00:00,1,NVTS,-0.17798908257570678,20
2022-04-29 00:00:00+00:00,2022-05-27 00:00:00+00:00,1,CVNA,-0.41797653757153497,20
2026-03-05 00:00:00+00:00,2026-04-02 00:00:00+00:00,1,TTD,-0.2618187794761868,20
2024-04-12 00:00:00+00:00,2024-05-10 00:00:00+00:00,1,TKO,0.018408065570437948,20
2016-02-17 00:00:00+00:00,2016-03-16 00:00:00+00:00,1,INCY,-0.14545193993632122,20
2019-11-22 00:00:00+00:00,2019-12-23 00:00:00+00:00,1,CAPL,-0.025668963804019063,20
2017-02-27 00:00:00+00:00,2017-03-27 00:00:00+00:00,1,IEP,-0.06397743916642251,20
2026-03-16 00:00:00+00:00,2026-04-14 00:00:00+00:00,1,CPNG,0.011202862608412857,20
2026-04-21 00:00:00+00:00,2026-05-19 00:00:00+00:00,1,KLRA,-0.22404594078461282,20
2018-03-05 00:00:00+00:00,2018-04-03 00:00:00+00:00,1,CMG,-0.012932060536394062,20
2023-12-18 00:00:00+00:00,2024-01-18 00:00:00+00:00,1,WBD,-0.1431863405477688,20
2021-12-14 00:00:00+00:00,2022-01-12 00:00:00+00:00,1,ET,0.1652727880678153,20
2021-12-20 00:00:00+00:00,2022-01-19 00:00:00+00:00,1,INCY,0.01610758184226868,20
2020-03-13 00:00:00+00:00,2020-04-13 00:00:00+00:00,1,TDG,-0.24582719847689627,20
2015-07-23 00:00:00+00:00,2015-08-20 00:00:00+00:00,1,CNX,-0.3013839570086112,20
2021-04-15 00:00:00+00:00,2021-05-13 00:00:00+00:00,1,EVRG,0.008778619785557497,20
2025-12-16 00:00:00+00:00,2026-01-15 00:00:00+00:00,1,KVUE,-0.001420226945364254,20
2026-05-28 00:00:00+00:00,2026-06-26 00:00:00+00:00,1,LILA,0.3132079606849181,20
2018-08-14 00:00:00+00:00,2018-09-12 00:00:00+00:00,1,STX,-0.07263679727635164,20
2025-12-01 00:00:00+00:00,2025-12-30 00:00:00+00:00,1,DASH,0.10768967239473626,20
2016-01-05 00:00:00+00:00,2016-02-03 00:00:00+00:00,1,EPD,-0.09247695446857362,20
2026-03-16 00:00:00+00:00,2026-04-14 00:00:00+00:00,1,SNDA,-0.05121202293079319,20
2026-08-25 00:00:00+00:00,2026-09-23 00:00:00+00:00,1,SCTH,-0.15965765223949335,20
2019-10-30 00:00:00+00:00,2019-11-27 00:00:00+00:00,1,SPCE,-0.3120848444771991,20
2024-07-25 00:00:00+00:00,2024-08-22 00:00:00+00:00,1,ARTV,-0.1648882959897635,20
2025-06-17 00:00:00+00:00,2025-07-17 00:00:00+00:00,1,PPTA,0.21223108309969319,20
2019-09-17 00:00:00+00:00,2019-10-15 00:00:00+00:00,1,KHC,-0.03267707467461489,20
2021-03-31 00:00:00+00:00,2021-04-29 00:00:00+00:00,1,DOCN,0.020549269851749763,20
2019-02-25 00:00:00+00:00,2019-03-25 00:00:00+00:00,1,TDG,0.02339344312082603,20
2024-06-12 00:00:00+00:00,2024-07-12 00:00:00+00:00,1,Z,0.03448733290056616,20
2019-02-11 00:00:00+00:00,2019-03-12 00:00:00+00:00,1,STX,0.07481974436816508,20
2024-06-06 00:00:00+00:00,2024-07-08 00:00:00+00:00,1,CRM,0.0581829529835971,20
2023-12-22 00:00:00+00:00,2024-01-24 00:00:00+00:00,1,DLTR,-0.04886580265746032,20
2016-04-26 00:00:00+00:00,2016-05-24 00:00:00+00:00,1,UAL,-0.08645253892404081,20
2021-12-23 00:00:00+00:00,2022-01-24 00:00:00+00:00,1,ASAN,-0.2999461161044962,20
2025-11-10 00:00:00+00:00,2025-12-09 00:00:00+00:00,1,BETA,-0.09152155164016285,20
2021-12-17 00:00:00+00:00,2022-01-18 00:00:00+00:00,1,GIC,-0.10627470617340129,20
2022-08-19 00:00:00+00:00,2022-09-19 00:00:00+00:00,1,SMMT,0.10709091106131119,20
2022-06-15 00:00:00+00:00,2022-07-15 00:00:00+00:00,1,FISV,0.027408575549437986,20
2022-01-05 00:00:00+00:00,2022-02-03 00:00:00+00:00,1,AMKR,-0.15649112838534573,20
2021-10-15 00:00:00+00:00,2021-11-12 00:00:00+00:00,1,LTH,0.16309441601165386,20
2021-03-04 00:00:00+00:00,2021-04-01 00:00:00+00:00,1,ATEC,-0.022728638324408745,20
2016-02-18 00:00:00+00:00,2016-03-17 00:00:00+00:00,1,TDG,0.08399884817490921,20
2022-08-09 00:00:00+00:00,2022-09-07 00:00:00+00:00,1,XOM,0.047284697833536615,20
2022-02-22 00:00:00+00:00,2022-03-22 00:00:00+00:00,1,ASAN,-0.29749192900922294,20
2019-12-09 00:00:00+00:00,2020-01-08 00:00:00+00:00,1,KOD,-0.01039593018041962,20
2015-10-27 00:00:00+00:00,2015-11-24 00:00:00+00:00,1,BIIB,-0.007092423223558407,20
2018-04-18 00:00:00+00:00,2018-05-16 00:00:00+00:00,1,AVGO,-0.0383796658788228,20
2015-07-02 00:00:00+00:00,2015-07-31 00:00:00+00:00,1,GRBK,0.01144544590045893,20
2020-05-15 00:00:00+00:00,2020-06-15 00:00:00+00:00,1,BHC,0.1326887465096065,20
2025-10-07 00:00:00+00:00,2025-11-04 00:00:00+00:00,1,BGC,0.0023618895223538345,20
2019-03-08 00:00:00+00:00,2019-04-05 00:00:00+00:00,1,HAIN,0.012883706736009916,20
2021-07-08 00:00:00+00:00,2021-08-05 00:00:00+00:00,1,S,0.047999999999999376,20
2025-02-11 00:00:00+00:00,2025-03-12 00:00:00+00:00,1,MNR,-0.0785487827483331,20
2021-09-09 00:00:00+00:00,2021-10-07 00:00:00+00:00,1,CMG,-0.035005211175662465,20
2024-12-19 00:00:00+00:00,2025-01-22 00:00:00+00:00,1,TKO,-0.00798101747987112,20
2017-06-09 00:00:00+00:00,2017-07-10 00:00:00+00:00,1,TREE,0.010352977079503447,20
2019-06-10 00:00:00+00:00,2019-07-09 00:00:00+00:00,1,MGM,0.06401013230639507,20
2024-10-31 00:00:00+00:00,2024-11-29 00:00:00+00:00,1,SEPN,0.10333224838982003,20
2026-03-03 00:00:00+00:00,2026-03-31 00:00:00+00:00,1,GENB,0.04577868233389171,20
2026-05-14 00:00:00+00:00,2026-06-12 00:00:00+00:00,1,ARTV,-0.20237455825592598,20
2016-01-11 00:00:00+00:00,2016-02-09 00:00:00+00:00,1,ACAD,-0.3203327507864385,20
2025-12-23 00:00:00+00:00,2026-01-23 00:00:00+00:00,1,MDLN,0.05232039591712856,20
2015-07-06 00:00:00+00:00,2015-08-03 00:00:00+00:00,1,ZTS,-0.0003470024407390398,20
2022-01-04 00:00:00+00:00,2022-02-02 00:00:00+00:00,1,ASAN,-0.2750573660670017,20
2026-05-20 00:00:00+00:00,2026-06-18 00:00:00+00:00,1,BRCB,0.20993091505276862,20
2021-09-13 00:00:00+00:00,2021-10-11 00:00:00+00:00,1,ASAN,0.041864018841785366,20
2023-06-06 00:00:00+00:00,2023-07-06 00:00:00+00:00,1,LXRX,-0.1674135500086089,20
2021-11-03 00:00:00+00:00,2021-12-02 00:00:00+00:00,1,SUI,-0.007353845111227273,20
2021-11-19 00:00:00+00:00,2021-12-20 00:00:00+00:00,1,PTON,-0.1810411271953123,20
2017-07-26 00:00:00+00:00,2017-08-23 00:00:00+00:00,1,ELS,0.02141822552041872,20
2024-11-18 00:00:00+00:00,2024-12-17 00:00:00+00:00,1,GRBK,-0.08161872043189977,20
2017-07-25 00:00:00+00:00,2017-08-22 00:00:00+00:00,1,CSX,-0.03380793338517385,20
2020-03-16 00:00:00+00:00,2020-04-14 00:00:00+00:00,1,HE,-0.010202344516026527,20
2025-02-13 00:00:00+00:00,2025-03-14 00:00:00+00:00,1,TKO,-0.19967498549957807,20
2020-09-17 00:00:00+00:00,2020-10-15 00:00:00+00:00,1,TDG,-0.05535153476605936,20
2025-04-09 00:00:00+00:00,2025-05-08 00:00:00+00:00,1,APO,0.034901651971025904,20
2019-01-31 00:00:00+00:00,2019-03-01 00:00:00+00:00,1,DNP,0.03468752131275665,20
2025-05-14 00:00:00+00:00,2025-06-12 00:00:00+00:00,1,MIDD,-0.034544387942464505,20
2023-05-11 00:00:00+00:00,2023-06-09 00:00:00+00:00,1,PLSE,-0.08609991223314106,20
2022-12-05 00:00:00+00:00,2023-01-04 00:00:00+00:00,1,IOVA,-0.2062341122069724,20
2021-03-29 00:00:00+00:00,2021-04-27 00:00:00+00:00,1,BW,0.040973275297652156,20
2025-01-31 00:00:00+00:00,2025-03-03 00:00:00+00:00,1,SFD,-0.03130253058157373,20
2015-12-09 00:00:00+00:00,2016-01-08 00:00:00+00:00,1,WYNN,-0.17608073131931656,20
2019-09-23 00:00:00+00:00,2019-10-21 00:00:00+00:00,1,ACAD,0.03717330074995773,20
2016-06-01 00:00:00+00:00,2016-06-29 00:00:00+00:00,1,AAP,0.0484326514125204,20
2015-08-28 00:00:00+00:00,2015-09-28 00:00:00+00:00,1,AMH,-0.018069175107992663,20
2016-06-13 00:00:00+00:00,2016-07-12 00:00:00+00:00,1,AAP,0.0705292965003197,20
2020-05-15 00:00:00+00:00,2020-06-15 00:00:00+00:00,1,NNI,0.0987121776367903,20
2025-12-22 00:00:00+00:00,2026-01-22 00:00:00+00:00,1,KOD,-0.021923092718075243,20
2020-12-18 00:00:00+00:00,2021-01-20 00:00:00+00:00,1,ABCL,-0.022723292004605433,20
2024-02-20 00:00:00+00:00,2024-03-19 00:00:00+00:00,1,SOC,-0.10199998410542777,20
2024-12-10 00:00:00+00:00,2025-01-10 00:00:00+00:00,1,RVMD,-0.11851516239284521,20
2022-03-17 00:00:00+00:00,2022-04-14 00:00:00+00:00,1,PCOR,-0.10268229691625363,20
2020-10-16 00:00:00+00:00,2020-11-13 00:00:00+00:00,1,STTK,0.4775000076293947,20
2021-05-17 00:00:00+00:00,2021-06-15 00:00:00+00:00,1,SMMT,-0.04433576144386553,20
2019-09-13 00:00:00+00:00,2019-10-11 00:00:00+00:00,1,WMS,0.08775187995722833,20
2023-07-03 00:00:00+00:00,2023-08-01 00:00:00+00:00,1,MAX,0.022287173785739967,20
2026-02-12 00:00:00+00:00,2026-03-13 00:00:00+00:00,1,SGP,-0.03654548228870802,20
2019-10-01 00:00:00+00:00,2019-10-29 00:00:00+00:00,1,ULTA,-0.09177777548313626,20
2023-10-05 00:00:00+00:00,2023-11-02 00:00:00+00:00,1,IMVT,-0.09814860418135041,20
2024-02-23 00:00:00+00:00,2024-03-22 00:00:00+00:00,1,CART,0.2245446312719126,20
2017-05-18 00:00:00+00:00,2017-06-16 00:00:00+00:00,1,PNR,0.009069063443233773,20
2018-12-24 00:00:00+00:00,2019-01-24 00:00:00+00:00,1,GSAT,0.6321463471366704,20
2025-05-13 00:00:00+00:00,2025-06-11 00:00:00+00:00,1,BLDR,-0.07832660636932742,20
2021-06-14 00:00:00+00:00,2021-07-13 00:00:00+00:00,1,NAUT,-0.0317029880598092,20
2024-06-17 00:00:00+00:00,2024-07-17 00:00:00+00:00,1,PROK,-0.21432880403365062,20
2024-11-13 00:00:00+00:00,2024-12-12 00:00:00+00:00,1,CPNG,-0.06300385895664762,20
2019-05-15 00:00:00+00:00,2019-06-13 00:00:00+00:00,1,COTY,0.03731591978461113,20
2022-06-06 00:00:00+00:00,2022-07-06 00:00:00+00:00,1,IHT,0.0015840576095929055,20
2018-06-01 00:00:00+00:00,2018-06-29 00:00:00+00:00,1,KNSA,-0.02728083566733497,20
2024-01-18 00:00:00+00:00,2024-02-15 00:00:00+00:00,1,PBF,0.20967536134150477,20
2017-11-24 00:00:00+00:00,2017-12-22 00:00:00+00:00,1,GE,-0.03993307446487482,20
2024-10-23 00:00:00+00:00,2024-11-20 00:00:00+00:00,1,JANX,-0.055913061169610256,20
2021-02-10 00:00:00+00:00,2021-03-11 00:00:00+00:00,1,VOR,-0.019600027901785833,20
2017-04-03 00:00:00+00:00,2017-05-02 00:00:00+00:00,1,CPB,0.004597527663317448,20
2016-07-26 00:00:00+00:00,2016-08-23 00:00:00+00:00,1,NFLX,0.047556949882175736,20
2025-07-18 00:00:00+00:00,2025-08-15 00:00:00+00:00,1,CRSP,-0.08491106922929081,20
2016-03-18 00:00:00+00:00,2016-04-18 00:00:00+00:00,1,INCY,0.1950185915928928,20
2025-06-23 00:00:00+00:00,2025-07-22 00:00:00+00:00,1,VAC,0.16497671021943527,20
2025-01-23 00:00:00+00:00,2025-02-21 00:00:00+00:00,1,TKO,0.043074989841207945,20
2021-07-30 00:00:00+00:00,2021-08-27 00:00:00+00:00,1,CTKB,-0.0488891299016192,20
2021-10-19 00:00:00+00:00,2021-11-16 00:00:00+00:00,1,GTLB,0.1271310422863372,20
2023-05-12 00:00:00+00:00,2023-06-12 00:00:00+00:00,1,COIN,-0.12024204327266452,20
2022-05-18 00:00:00+00:00,2022-06-16 00:00:00+00:00,1,COIN,-0.19206821790025708,20
2018-09-28 00:00:00+00:00,2018-10-26 00:00:00+00:00,1,FATE,-0.177567860627034,20
2019-10-03 00:00:00+00:00,2019-10-31 00:00:00+00:00,1,PTON,0.06696555847689223,20
2020-07-22 00:00:00+00:00,2020-08-19 00:00:00+00:00,1,EMR,0.07365916932984495,20
2025-02-03 00:00:00+00:00,2025-03-04 00:00:00+00:00,1,VGAS,-0.03950002384185769,20
2026-04-06 00:00:00+00:00,2026-05-04 00:00:00+00:00,1,SVC,0.15057128852805124,20
2020-03-16 00:00:00+00:00,2020-04-14 00:00:00+00:00,1,KALA,0.5787504078303423,20
2024-10-04 00:00:00+00:00,2024-11-01 00:00:00+00:00,1,NFE,-0.20913578998825355,20
2021-06-17 00:00:00+00:00,2021-07-16 00:00:00+00:00,1,JANX,0.4315477073280827,20
2021-07-06 00:00:00+00:00,2021-08-03 00:00:00+00:00,1,PLSE,0.21801130746524744,20
2017-03-24 00:00:00+00:00,2017-04-24 00:00:00+00:00,1,AMH,-0.001999999999999556,20
2025-09-16 00:00:00+00:00,2025-10-14 00:00:00+00:00,1,CGON,0.19626623281239342,20
2017-10-24 00:00:00+00:00,2017-11-21 00:00:00+00:00,1,PAG,0.014650480159260628,20
2022-11-10 00:00:00+00:00,2022-12-09 00:00:00+00:00,1,DDOG,-0.027614207664112156,20
2026-06-15 00:00:00+00:00,2026-07-15 00:00:00+00:00,1,SMMT,0.06452509361430314,20
2021-10-06 00:00:00+00:00,2021-11-03 00:00:00+00:00,1,ASAN,0.2221427068377544,20
2022-03-11 00:00:00+00:00,2022-04-08 00:00:00+00:00,1,DASH,0.22164029751918846,20
2022-02-24 00:00:00+00:00,2022-03-24 00:00:00+00:00,1,AMPL,-0.17906888914970798,20
2019-05-16 00:00:00+00:00,2019-06-14 00:00:00+00:00,1,HAIN,-0.13080655386988482,20
2018-03-05 00:00:00+00:00,2018-04-03 00:00:00+00:00,1,HAIN,-0.13019790568077794,20
2023-08-03 00:00:00+00:00,2023-08-31 00:00:00+00:00,1,XOM,0.044503430781017705,20
2022-12-23 00:00:00+00:00,2023-01-25 00:00:00+00:00,1,GRPN,0.20845394963169706,20
2015-01-08 00:00:00+00:00,2015-02-06 00:00:00+00:00,1,FONU,-0.9848124985084287,20
2016-12-07 00:00:00+00:00,2017-01-06 00:00:00+00:00,1,WEN,-0.027018509897526966,20
2017-09-20 00:00:00+00:00,2017-10-18 00:00:00+00:00,1,SYY,0.013000563674813394,20
2020-05-14 00:00:00+00:00,2020-06-12 00:00:00+00:00,1,TDG,0.3519221941539272,20
2022-05-11 00:00:00+00:00,2022-06-09 00:00:00+00:00,1,FISV,0.032996735792704346,20
2018-07-11 00:00:00+00:00,2018-08-08 00:00:00+00:00,1,TREE,0.021036649214659642,20
2024-08-14 00:00:00+00:00,2024-09-12 00:00:00+00:00,1,ET,-0.00012155545149572337,20
2017-06-01 00:00:00+00:00,2017-06-29 00:00:00+00:00,1,AAP,-0.1551265988394981,20
2020-11-11 00:00:00+00:00,2020-12-10 00:00:00+00:00,1,SMMT,0.30258223795742034,20
2022-03-08 00:00:00+00:00,2022-04-05 00:00:00+00:00,1,PRPL,-0.12807454894617787,20
2019-05-29 00:00:00+00:00,2019-06-26 00:00:00+00:00,1,PBF,0.024098759836804096,20
2022-01-19 00:00:00+00:00,2022-02-16 00:00:00+00:00,1,ULH,0.017685173553799727,20
2024-02-21 00:00:00+00:00,2024-03-20 00:00:00+00:00,1,IOVA,-0.05526570248603602,20
2021-08-06 00:00:00+00:00,2021-09-03 00:00:00+00:00,1,SUI,0.06357607954261835,20
2018-03-12 00:00:00+00:00,2018-04-10 00:00:00+00:00,1,MDLZ,-0.05661387094563697,20
2020-02-25 00:00:00+00:00,2020-03-24 00:00:00+00:00,1,ET,-0.5741925346686988,20
2021-06-17 00:00:00+00:00,2021-07-16 00:00:00+00:00,1,UHAL,0.07056701191121117,20
2019-11-21 00:00:00+00:00,2019-12-20 00:00:00+00:00,1,ET,0.0953970513034137,20
2022-01-28 00:00:00+00:00,2022-02-28 00:00:00+00:00,1,SKYH,0.6800809559234329,20
2017-10-16 00:00:00+00:00,2017-11-13 00:00:00+00:00,1,GSAT,-0.02653989213690311,20
2016-08-15 00:00:00+00:00,2016-09-13 00:00:00+00:00,1,ACAD,-0.02485191977373069,20
2020-03-03 00:00:00+00:00,2020-03-31 00:00:00+00:00,1,ET,-0.6037316212993376,20
2015-02-05 00:00:00+00:00,2015-03-06 00:00:00+00:00,1,MSFT,0.0029813405283556377,20
2022-11-22 00:00:00+00:00,2022-12-21 00:00:00+00:00,1,ACRV,-0.05068313405243807,20
2020-06-23 00:00:00+00:00,2020-07-22 00:00:00+00:00,1,RPRX,-0.15666129406009466,20
2025-09-10 00:00:00+00:00,2025-10-08 00:00:00+00:00,1,SFD,-0.08850666773652371,20
2019-05-14 00:00:00+00:00,2019-06-12 00:00:00+00:00,1,AES,0.04028846600233016,20
2018-11-08 00:00:00+00:00,2018-12-10 00:00:00+00:00,1,BG,-0.039297329858904884,20
2022-10-27 00:00:00+00:00,2022-11-25 00:00:00+00:00,1,BHVN,0.1440593253005864,20
2024-09-10 00:00:00+00:00,2024-10-08 00:00:00+00:00,1,PBF,-0.020867941269092527,20
2022-08-02 00:00:00+00:00,2022-08-30 00:00:00+00:00,1,LXRX,0.03646159489197376,20
2024-05-16 00:00:00+00:00,2024-06-14 00:00:00+00:00,1,RRR,0.0029743131250146177,20
2025-03-25 00:00:00+00:00,2025-04-23 00:00:00+00:00,1,TAKNX,-0.016251621262279525,20
2024-07-05 00:00:00+00:00,2024-08-02 00:00:00+00:00,1,ALMS,0.13162443305310334,20
2023-07-26 00:00:00+00:00,2023-08-23 00:00:00+00:00,1,ABOS,-0.08650702995659032,20
2026-01-13 00:00:00+00:00,2026-02-11 00:00:00+00:00,1,AKTS,-0.1560984007842372,20
2025-02-10 00:00:00+00:00,2025-03-11 00:00:00+00:00,1,TECX,-0.3520143777989664,20
2016-04-04 00:00:00+00:00,2016-05-02 00:00:00+00:00,1,ACAD,0.09580441072158297,20
2023-03-23 00:00:00+00:00,2023-04-21 00:00:00+00:00,1,BHVN,0.06814929558339133,20
2023-08-22 00:00:00+00:00,2023-09-20 00:00:00+00:00,1,ET,0.06970398525184174,20
2022-05-13 00:00:00+00:00,2022-06-13 00:00:00+00:00,1,PEPG,-0.10430177801322882,20
2020-08-19 00:00:00+00:00,2020-09-17 00:00:00+00:00,1,AXS,-0.0009130760413396093,20
2025-03-14 00:00:00+00:00,2025-04-11 00:00:00+00:00,1,FSUN,-0.1602212741364908,20
2025-09-23 00:00:00+00:00,2025-10-21 00:00:00+00:00,1,NTSK,-0.0663153991649299,20
2025-05-19 00:00:00+00:00,2025-06-17 00:00:00+00:00,1,CPNG,0.03813255370808699,20
2024-02-20 00:00:00+00:00,2024-03-19 00:00:00+00:00,1,LRMR,-0.28972803866445407,20
2024-02-14 00:00:00+00:00,2024-03-14 00:00:00+00:00,1,MRCY,-0.03931585656687997,20
2021-11-29 00:00:00+00:00,2021-12-28 00:00:00+00:00,1,ASAN,-0.3162962281328294,20
2025-08-21 00:00:00+00:00,2025-09-19 00:00:00+00:00,1,MDGL,0.07867011381589695,20
2026-06-29 00:00:00+00:00,2026-07-28 00:00:00+00:00,1,DPC,-0.12429517429725301,20
2020-09-22 00:00:00+00:00,2020-10-20 00:00:00+00:00,1,AVGO,0.04058955633629213,20
2026-02-25 00:00:00+00:00,2026-03-25 00:00:00+00:00,1,FIG,-0.3269039594396572,20
2026-07-29 00:00:00+00:00,2026-08-26 00:00:00+00:00,1,SCTX,0.724579504853974,20
2022-12-30 00:00:00+00:00,2023-01-31 00:00:00+00:00,1,IHT,-0.00805984898356926,20
2022-09-19 00:00:00+00:00,2022-10-17 00:00:00+00:00,1,PLPC,-0.03248279613597593,20
2022-02-23 00:00:00+00:00,2022-03-23 00:00:00+00:00,1,INCY,0.131990305877125,20
2026-04-14 00:00:00+00:00,2026-05-12 00:00:00+00:00,1,COE,0.012423101905300495,20
2015-05-14 00:00:00+00:00,2015-06-12 00:00:00+00:00,1,FONU,-0.2747272342428686,20
2020-12-18 00:00:00+00:00,2021-01-20 00:00:00+00:00,1,LXRX,0.09113836728513847,20
2019-02-07 00:00:00+00:00,2019-03-08 00:00:00+00:00,1,NFE,0.013647018174776095,20
2020-02-05 00:00:00+00:00,2020-03-05 00:00:00+00:00,1,PGEN,-0.32621051828484793,20
2022-11-18 00:00:00+00:00,2022-12-19 00:00:00+00:00,1,CRSR,-0.16329027386395323,20
2022-09-21 00:00:00+00:00,2022-10-19 00:00:00+00:00,1,LRMR,-0.007797095840604838,20
2026-08-12 00:00:00+00:00,2026-09-10 00:00:00+00:00,1,BRVE,0.040065024761615886,20
2024-10-03 00:00:00+00:00,2024-10-31 00:00:00+00:00,1,LUV,0.0002941839975658684,20
2025-08-22 00:00:00+00:00,2025-09-22 00:00:00+00:00,1,ET,-0.02370187624529907,20
2026-09-16 00:00:00+00:00,2026-09-29 00:00:00+00:00,1,FTK,0.011153247432351245,9
2015-02-24 00:00:00+00:00,2015-03-24 00:00:00+00:00,1,MDLZ,-0.05603965816051182,20
2016-06-09 00:00:00+00:00,2016-07-08 00:00:00+00:00,1,SYY,0.05749074818064526,20
2025-11-21 00:00:00+00:00,2025-12-22 00:00:00+00:00,1,ET,-0.014719684412326293,20
2025-05-16 00:00:00+00:00,2025-06-16 00:00:00+00:00,1,TXO,0.016421027056270132,20
2017-07-10 00:00:00+00:00,2017-08-07 00:00:00+00:00,1,GSAT,-0.08456882874447791,20
2022-04-29 00:00:00+00:00,2022-05-27 00:00:00+00:00,1,NKTX,-0.267184392716866,20
2024-09-19 00:00:00+00:00,2024-10-17 00:00:00+00:00,1,BCAX,-0.17110568223184563,20
2019-11-04 00:00:00+00:00,2019-12-03 00:00:00+00:00,1,TRN,-0.06211979763635023,20
2019-07-25 00:00:00+00:00,2019-08-22 00:00:00+00:00,1,BW,0.000688169458695766,20
2016-01-25 00:00:00+00:00,2016-02-23 00:00:00+00:00,1,WYNN,0.3121132231645636,20
2024-10-18 00:00:00+00:00,2024-11-15 00:00:00+00:00,1,PBF,-0.08202501775495741,20
2026-09-09 00:00:00+00:00,2026-09-29 00:00:00+00:00,1,PAMT,-0.05180230670076491,14
2016-08-04 00:00:00+00:00,2016-09-01 00:00:00+00:00,1,VNOM,-0.013682108571538952,20
2018-11-15 00:00:00+00:00,2018-12-17 00:00:00+00:00,1,ET,-0.09352541729941755,20
2018-02-05 00:00:00+00:00,2018-03-06 00:00:00+00:00,1,AB,0.10699581569524574,20
2024-06-26 00:00:00+00:00,2024-07-25 00:00:00+00:00,1,PBF,-0.11311114149290513,20
2019-03-15 00:00:00+00:00,2019-04-12 00:00:00+00:00,1,SUI,0.02667882082797357,20
2015-11-19 00:00:00+00:00,2015-12-18 00:00:00+00:00,1,WVE,-0.03176569146068886,20
2019-11-29 00:00:00+00:00,2019-12-30 00:00:00+00:00,1,ORGO,-0.05853020572780898,20
2024-04-01 00:00:00+00:00,2024-04-29 00:00:00+00:00,1,NKTX,-0.36244359783076985,20
2025-10-01 00:00:00+00:00,2025-10-29 00:00:00+00:00,1,PEPG,-0.044462804170978476,20
2025-08-05 00:00:00+00:00,2025-09-03 00:00:00+00:00,1,LRMR,0.0514759484421734,20
2023-09-26 00:00:00+00:00,2023-10-24 00:00:00+00:00,1,CART,-0.11876145340862154,20
2024-09-18 00:00:00+00:00,2024-10-16 00:00:00+00:00,1,VRDN,0.1276297017480854,20
2023-02-03 00:00:00+00:00,2023-03-06 00:00:00+00:00,1,WGS,-0.055763427494867845,20
2015-06-10 00:00:00+00:00,2015-07-09 00:00:00+00:00,1,ARDX,0.09241483552003116,20
2017-01-24 00:00:00+00:00,2017-02-22 00:00:00+00:00,1,HRTX,0.06749811470735922,20
2020-10-01 00:00:00+00:00,2020-10-29 00:00:00+00:00,1,PRLD,0.036208918784981226,20
2024-01-12 00:00:00+00:00,2024-02-12 00:00:00+00:00,1,DYN,0.45456073625254834,20
2017-09-15 00:00:00+00:00,2017-10-13 00:00:00+00:00,1,AMH,-0.018711649313076117,20
2026-09-22 00:00:00+00:00,2026-09-29 00:00:00+00:00,1,GRAB,-0.017772930451572133,5
2026-09-22 00:00:00+00:00,2026-09-29 00:00:00+00:00,1,GSAT,-0.0011517244586547442,5
2022-09-23 00:00:00+00:00,2022-10-21 00:00:00+00:00,1,MEDP,0.07889141636991659,20
2025-08-14 00:00:00+00:00,2025-09-12 00:00:00+00:00,1,ALKT,0.1145563506163263,20
2018-11-02 00:00:00+00:00,2018-12-03 00:00:00+00:00,1,MHK,-0.043508584545248086,20
2022-09-13 00:00:00+00:00,2022-10-11 00:00:00+00:00,1,ET,-0.014842241531898169,20
2025-07-01 00:00:00+00:00,2025-07-30 00:00:00+00:00,1,KYMR,-0.01032580880554712,20
2022-01-26 00:00:00+00:00,2022-02-24 00:00:00+00:00,1,KOD,-0.8357563433346499,20
2020-12-15 00:00:00+00:00,2021-01-14 00:00:00+00:00,1,ULH,0.04844388400590072,20
2022-03-07 00:00:00+00:00,2022-04-04 00:00:00+00:00,1,RVMD,0.47865392433075105,20
2021-01-13 00:00:00+00:00,2021-02-11 00:00:00+00:00,1,FATE,-0.09724230583750038,20
2022-05-17 00:00:00+00:00,2022-06-15 00:00:00+00:00,1,AMH,-0.11124781435979658,20
2023-09-22 00:00:00+00:00,2023-10-20 00:00:00+00:00,1,IHT,0.03706255702868044,20
2021-05-07 00:00:00+00:00,2021-06-07 00:00:00+00:00,1,HOWL,-0.15007015134577173,20
2020-08-13 00:00:00+00:00,2020-09-11 00:00:00+00:00,1,AFIB,0.3955510889170122,20
2022-04-04 00:00:00+00:00,2022-05-03 00:00:00+00:00,1,ARMP,-0.1686666813838631,20
2023-02-15 00:00:00+00:00,2023-03-16 00:00:00+00:00,1,PRPL,-0.271911476631545,20
2024-09-06 00:00:00+00:00,2024-10-04 00:00:00+00:00,1,TALO,0.031882773166120204,20
2023-09-18 00:00:00+00:00,2023-10-16 00:00:00+00:00,1,IOVA,-0.399976385061214,20
2023-11-09 00:00:00+00:00,2023-12-08 00:00:00+00:00,1,XOM,-0.02627824774001941,20
2026-09-22 00:00:00+00:00,2026-09-29 00:00:00+00:00,1,GME,-0.013235973784791797,5
2017-11-21 00:00:00+00:00,2017-12-20 00:00:00+00:00,1,PNR,0.004200361702546564,20
2026-04-13 00:00:00+00:00,2026-05-11 00:00:00+00:00,1,MESO,-0.014925141690378617,20
2025-10-29 00:00:00+00:00,2025-11-26 00:00:00+00:00,1,KMI,0.05031344556682682,20
2020-12-16 00:00:00+00:00,2021-01-15 00:00:00+00:00,1,DASH,0.18211888821790745,20
2025-03-10 00:00:00+00:00,2025-04-07 00:00:00+00:00,1,JANX,-0.19524951308013905,20
2017-03-22 00:00:00+00:00,2017-04-20 00:00:00+00:00,1,TSLA,0.18426715789062653,20
2019-06-24 00:00:00+00:00,2019-07-23 00:00:00+00:00,1,STOK,-0.003175114995637383,20
2021-04-09 00:00:00+00:00,2021-05-07 00:00:00+00:00,1,ASTS,-0.17300000381469727,20
2024-08-28 00:00:00+00:00,2024-09-26 00:00:00+00:00,1,ALMS,-0.06757378025542804,20
2024-03-07 00:00:00+00:00,2024-04-05 00:00:00+00:00,1,FLYX,-0.7615628262947303,20
2023-05-16 00:00:00+00:00,2023-06-14 00:00:00+00:00,1,MGTX,0.08514287621634353,20
2018-10-12 00:00:00+00:00,2018-11-09 00:00:00+00:00,1,KOD,-0.1422984896171433,20
2025-11-13 00:00:00+00:00,2025-12-12 00:00:00+00:00,1,EVMN,-0.013525746014640848,20
2021-11-01 00:00:00+00:00,2021-11-30 00:00:00+00:00,1,TOST,-0.30238485330266596,20
2025-03-10 00:00:00+00:00,2025-04-07 00:00:00+00:00,1,TNYA,-0.0533833873367926,20
2025-11-18 00:00:00+00:00,2025-12-17 00:00:00+00:00,1,BHVN,0.14826456137086086,20
2022-04-18 00:00:00+00:00,2022-05-16 00:00:00+00:00,1,LYRA,-0.2703982683982681,20
2019-06-05 00:00:00+00:00,2019-07-03 00:00:00+00:00,1,EOLS,-0.14083794524777993,20
2025-07-15 00:00:00+00:00,2025-08-12 00:00:00+00:00,1,COGT,0.002347842672596469,20
2020-08-19 00:00:00+00:00,2020-09-17 00:00:00+00:00,1,PSNL,-0.04113407644227518,20
2017-11-14 00:00:00+00:00,2017-12-13 00:00:00+00:00,1,QSR,-0.05245496314213549,20
2017-10-17 00:00:00+00:00,2017-11-14 00:00:00+00:00,1,ULTA,-0.01796794417159986,20
2018-06-14 00:00:00+00:00,2018-07-13 00:00:00+00:00,1,TSLA,-0.11060450347990369,20
2022-10-04 00:00:00+00:00,2022-11-01 00:00:00+00:00,1,BRK-A,0.04237738695836679,20
2024-11-07 00:00:00+00:00,2024-12-06 00:00:00+00:00,1,AB,-0.05393080830961339,20
2017-09-05 00:00:00+00:00,2017-10-03 00:00:00+00:00,1,AB,0.04725064064354645,20
2022-06-15 00:00:00+00:00,2022-07-15 00:00:00+00:00,1,PCOR,-0.009874028887570383,20
2025-03-20 00:00:00+00:00,2025-04-17 00:00:00+00:00,1,IMCR,-0.06838187438401377,20
2026-07-09 00:00:00+00:00,2026-08-06 00:00:00+00:00,1,COE,0.1465029598166201,20
2015-11-13 00:00:00+00:00,2015-12-14 00:00:00+00:00,1,PNR,-0.04992267861192612,20
2016-12-15 00:00:00+00:00,2017-01-17 00:00:00+00:00,1,TDG,-0.018851691536180493,20
2018-09-25 00:00:00+00:00,2018-10-23 00:00:00+00:00,1,ACAD,0.025557223577430843,20
2023-12-15 00:00:00+00:00,2024-01-17 00:00:00+00:00,1,MDGL,0.009934389460554584,20
2019-06-19 00:00:00+00:00,2019-07-18 00:00:00+00:00,1,CRWD,-0.05988657277960108,20
2020-11-24 00:00:00+00:00,2020-12-23 00:00:00+00:00,1,OLMA,0.05403904384302516,20
2021-10-05 00:00:00+00:00,2021-11-02 00:00:00+00:00,1,CADEX,0.00027350854466368264,20
2019-07-11 00:00:00+00:00,2019-08-08 00:00:00+00:00,1,SBGI,-0.20329012797716417,20
2023-11-14 00:00:00+00:00,2023-12-13 00:00:00+00:00,1,TALO,-0.10570369847092276,20
2023-02-28 00:00:00+00:00,2023-03-28 00:00:00+00:00,1,ET,-0.0501832709397535,20
2021-05-17 00:00:00+00:00,2021-06-15 00:00:00+00:00,1,PFSI,0.012395453761498533,20
2026-01-23 00:00:00+00:00,2026-02-23 00:00:00+00:00,1,GME,0.026273145933078723,20
2015-09-09 00:00:00+00:00,2015-10-07 00:00:00+00:00,1,FCX,0.21048848955750832,20
2026-08-21 00:00:00+00:00,2026-09-21 00:00:00+00:00,1,ET,-0.01568574366297093,20
2024-12-18 00:00:00+00:00,2025-01-21 00:00:00+00:00,1,BCYC,-0.11659348409088743,20
2024-08-13 00:00:00+00:00,2024-09-11 00:00:00+00:00,1,CPNG,0.03520106977086401,20
2019-06-17 00:00:00+00:00,2019-07-16 00:00:00+00:00,1,FOX,0.022860355293420342,20
2018-06-13 00:00:00+00:00,2018-07-12 00:00:00+00:00,1,MGTX,-0.1960710452842429,20
2019-07-25 00:00:00+00:00,2019-08-22 00:00:00+00:00,1,NXRT,0.1033259275614895,20
2024-05-15 00:00:00+00:00,2024-06-13 00:00:00+00:00,1,CPNG,-0.03841206386128293,20
2015-01-20 00:00:00+00:00,2015-02-18 00:00:00+00:00,1,EHTH,0.020429885551058957,20
2018-11-19 00:00:00+00:00,2018-12-19 00:00:00+00:00,1,COTY,-0.2300183022108374,20
2024-06-03 00:00:00+00:00,2024-07-02 00:00:00+00:00,1,TALO,0.06049998403446977,20
2015-08-24 00:00:00+00:00,2015-09-22 00:00:00+00:00,1,TSLA,0.19021454574022378,20
2021-09-20 00:00:00+00:00,2021-10-18 00:00:00+00:00,1,TYRA,-0.019250658112421548,20
2023-02-17 00:00:00+00:00,2023-03-20 00:00:00+00:00,1,MLYS,-0.17377913392544464,20
2024-08-14 00:00:00+00:00,2024-09-12 00:00:00+00:00,1,PGEN,-0.11807142381978264,20
2023-02-01 00:00:00+00:00,2023-03-02 00:00:00+00:00,1,PGEN,-0.33336097220603755,20
2022-10-12 00:00:00+00:00,2022-11-09 00:00:00+00:00,1,RCKT,-0.07338709082500017,20
2018-10-08 00:00:00+00:00,2018-11-05 00:00:00+00:00,1,KALA,-0.10320481927710834,20
2025-07-25 00:00:00+00:00,2025-08-22 00:00:00+00:00,1,CARL,-0.10268965780323935,20
2019-08-22 00:00:00+00:00,2019-09-20 00:00:00+00:00,1,LILA,0.07718411160567529,20
2025-07-30 00:00:00+00:00,2025-08-27 00:00:00+00:00,1,MSTR,-0.1361130261248047,20
2017-11-06 00:00:00+00:00,2017-12-05 00:00:00+00:00,1,TRC,0.07251565139274874,20
2015-06-18 00:00:00+00:00,2015-07-17 00:00:00+00:00,1,BRKR,0.008053030021919262,20
2015-06-01 00:00:00+00:00,2015-06-29 00:00:00+00:00,1,CVX,-0.05987826683271713,20
2023-03-16 00:00:00+00:00,2023-04-14 00:00:00+00:00,1,GTLB,-0.0837717481060819,20
2024-12-03 00:00:00+00:00,2025-01-02 00:00:00+00:00,1,PBF,-0.16228854712533303,20
2024-01-16 00:00:00+00:00,2024-02-13 00:00:00+00:00,1,SLDB,-0.020750011920928735,20
2025-10-08 00:00:00+00:00,2025-11-05 00:00:00+00:00,1,SRRK,-0.2785572301727678,20
2023-06-05 00:00:00+00:00,2023-07-05 00:00:00+00:00,1,L,0.0185233305025041,20
2020-07-22 00:00:00+00:00,2020-08-19 00:00:00+00:00,1,ALXO,0.5123051144487116,20
2026-02-06 00:00:00+00:00,2026-03-09 00:00:00+00:00,1,MANE,0.3316798416147191,20
2023-10-06 00:00:00+00:00,2023-11-03 00:00:00+00:00,1,ASAN,0.1872208318677182,20
2024-07-01 00:00:00+00:00,2024-07-30 00:00:00+00:00,1,TXO,-0.01838571670302469,20
2024-12-27 00:00:00+00:00,2025-01-29 00:00:00+00:00,1,ZYME,0.0055861832191204126,20
2021-01-28 00:00:00+00:00,2021-02-26 00:00:00+00:00,1,GRBK,-0.015500022888184304,20
2020-01-22 00:00:00+00:00,2020-02-20 00:00:00+00:00,1,PBF,-0.047669836888430295,20
2019-08-06 00:00:00+00:00,2019-09-04 00:00:00+00:00,1,PBF,0.02096575896212083,20
2024-03-20 00:00:00+00:00,2024-04-18 00:00:00+00:00,1,RZLT,0.725748696327811,20
2018-01-31 00:00:00+00:00,2018-03-01 00:00:00+00:00,1,SLDB,0.18457302754237337,20
2019-03-18 00:00:00+00:00,2019-04-15 00:00:00+00:00,1,OSG,-0.0816145917591895,20
2018-12-11 00:00:00+00:00,2019-01-10 00:00:00+00:00,1,STX,0.0434443131531288,20
2019-03-15 00:00:00+00:00,2019-04-12 00:00:00+00:00,1,FOX,-0.10122033067459624,20
2019-08-30 00:00:00+00:00,2019-09-30 00:00:00+00:00,1,FOX,-0.03362418412579826,20
2018-10-04 00:00:00+00:00,2018-11-01 00:00:00+00:00,1,ARVN,0.10709093160978367,20
2026-01-07 00:00:00+00:00,2026-02-05 00:00:00+00:00,1,NAVN,-0.4474595437719099,20
2020-04-14 00:00:00+00:00,2020-05-12 00:00:00+00:00,1,SFIX,0.13876779326153832,20
2023-11-16 00:00:00+00:00,2023-12-15 00:00:00+00:00,1,MDGL,0.40371463306000366,20
2016-09-13 00:00:00+00:00,2016-10-11 00:00:00+00:00,1,PAG,-0.06325336921832514,20
2015-08-10 00:00:00+00:00,2015-09-08 00:00:00+00:00,1,NMIH,-0.04586955323524633,20
2021-04-23 00:00:00+00:00,2021-05-21 00:00:00+00:00,1,BMEA,0.039666713971942436,20
2017-11-10 00:00:00+00:00,2017-12-11 00:00:00+00:00,1,AMH,-0.015104658750119347,20
2017-06-05 00:00:00+00:00,2017-07-03 00:00:00+00:00,1,AVT,0.04901485165706965,20
2017-04-26 00:00:00+00:00,2017-05-24 00:00:00+00:00,1,CSX,0.02832068985146674,20
2017-10-09 00:00:00+00:00,2017-11-06 00:00:00+00:00,1,RYTM,-0.017058971773723952,20
2024-03-26 00:00:00+00:00,2024-04-24 00:00:00+00:00,1,LENZ,-0.05456870528512203,20
2021-04-05 00:00:00+00:00,2021-05-03 00:00:00+00:00,1,DSGN,-0.0682814669572599,20
2023-10-19 00:00:00+00:00,2023-11-16 00:00:00+00:00,1,SRRK,0.5660000305175781,20
2015-08-25 00:00:00+00:00,2015-09-23 00:00:00+00:00,1,CMPR,0.12037239808715294,20
2016-10-27 00:00:00+00:00,2016-11-25 00:00:00+00:00,1,KMI,0.04429419026706016,20
2023-11-20 00:00:00+00:00,2023-12-19 00:00:00+00:00,1,HHH,0.12626758099169466,20
2017-06-13 00:00:00+00:00,2017-07-12 00:00:00+00:00,1,IDT,0.007597489293642569,20
2015-10-27 00:00:00+00:00,2015-11-24 00:00:00+00:00,1,PNR,0.03334151313432865,20
2020-11-27 00:00:00+00:00,2020-12-28 00:00:00+00:00,1,STOK,0.18717335648939915,20
2020-11-20 00:00:00+00:00,2020-12-21 00:00:00+00:00,1,ORGO,0.21059841337126461,20
2024-07-02 00:00:00+00:00,2024-07-31 00:00:00+00:00,1,PBF,-0.12091881089753664,20
2022-07-15 00:00:00+00:00,2022-08-12 00:00:00+00:00,1,MSM,0.13834639550861216,20
2015-03-11 00:00:00+00:00,2015-04-09 00:00:00+00:00,1,AMH,0.05588172282276749,20
2016-07-21 00:00:00+00:00,2016-08-18 00:00:00+00:00,1,ARDX,-0.01432228550622072,20
2015-09-28 00:00:00+00:00,2015-10-26 00:00:00+00:00,1,AGCO,-0.01866641394421442,20
2017-09-11 00:00:00+00:00,2017-10-09 00:00:00+00:00,1,INCY,-0.08971508084960278,20
2025-10-15 00:00:00+00:00,2025-11-12 00:00:00+00:00,1,GRND,0.15994964014914848,20
2018-04-30 00:00:00+00:00,2018-05-29 00:00:00+00:00,1,BIIB,0.04730551876256528,20
2026-02-19 00:00:00+00:00,2026-03-19 00:00:00+00:00,1,KKR,-0.11061859704680532,20
2026-07-21 00:00:00+00:00,2026-08-18 00:00:00+00:00,1,CBIO,0.0010048765771157892,20
2020-04-21 00:00:00+00:00,2020-05-19 00:00:00+00:00,1,SIEB,0.04662231931736094,20
2024-05-20 00:00:00+00:00,2024-06-18 00:00:00+00:00,1,RIG,-0.16225641613458086,20
2025-01-30 00:00:00+00:00,2025-02-28 00:00:00+00:00,1,SUNS,0.01300003402585448,20
2015-10-05 00:00:00+00:00,2015-11-02 00:00:00+00:00,1,TLCC,-0.002,20
2023-04-04 00:00:00+00:00,2023-05-03 00:00:00+00:00,1,BMEA,0.15274400199524818,20
2023-07-24 00:00:00+00:00,2023-08-21 00:00:00+00:00,1,HPK,-0.055436280705029484,20
2020-04-02 00:00:00+00:00,2020-05-01 00:00:00+00:00,1,MGM,0.302083681207449,20
2022-07-15 00:00:00+00:00,2022-08-12 00:00:00+00:00,1,SONM,0.3049015708535976,20
2025-04-10 00:00:00+00:00,2025-05-09 00:00:00+00:00,1,MSM,0.0044711989583088325,20
2025-04-08 00:00:00+00:00,2025-05-07 00:00:00+00:00,1,GME,0.11001371986323782,20
2023-12-04 00:00:00+00:00,2024-01-03 00:00:00+00:00,1,HHH,0.09133505314675916,20
2024-05-07 00:00:00+00:00,2024-06-05 00:00:00+00:00,1,ST,-0.04677277697475102,20
2019-01-29 00:00:00+00:00,2019-02-27 00:00:00+00:00,1,WVE,0.1595340403564407,20
2022-07-06 00:00:00+00:00,2022-08-03 00:00:00+00:00,1,VRCA,0.1408572027425019,20
2026-01-14 00:00:00+00:00,2026-02-12 00:00:00+00:00,1,ALMS,0.09906816224531112,20
2025-10-28 00:00:00+00:00,2025-11-25 00:00:00+00:00,1,VRDN,0.3536322720753373,20
2016-10-05 00:00:00+00:00,2016-11-02 00:00:00+00:00,1,FLGT,-0.059471186478511795,20
2026-01-05 00:00:00+00:00,2026-02-03 00:00:00+00:00,1,LSAK,-0.06704068428844867,20
2017-02-16 00:00:00+00:00,2017-03-17 00:00:00+00:00,1,CLPR,-0.020518755548637913,20
2017-08-21 00:00:00+00:00,2017-09-19 00:00:00+00:00,1,RNGR,0.010151481982206835,20
2024-04-24 00:00:00+00:00,2024-05-22 00:00:00+00:00,1,BHVN,-0.020853293368337744,20
2023-04-26 00:00:00+00:00,2023-05-24 00:00:00+00:00,1,RIG,0.12321735481593898,20
2023-07-24 00:00:00+00:00,2023-08-21 00:00:00+00:00,1,JANX,-0.17282110447648702,20
2024-04-29 00:00:00+00:00,2024-05-28 00:00:00+00:00,1,MSCI,0.04065109935049582,20
2023-07-24 00:00:00+00:00,2023-08-21 00:00:00+00:00,1,ASAN,-0.08201810084131134,20
2023-04-27 00:00:00+00:00,2023-05-25 00:00:00+00:00,1,ENPH,0.000497281522719108,20
2024-04-02 00:00:00+00:00,2024-04-30 00:00:00+00:00,1,CWEN,-0.008374974366622044,20
