time,ret
2019-07-16 00:00:00+00:00,0.0009056005341792202
2019-07-17 00:00:00+00:00,0.0032551168964632692
2019-07-18 00:00:00+00:00,-0.01
2019-07-19 00:00:00+00:00,0.012048010380622767
2019-07-22 00:00:00+00:00,-0.0009286614393727149
2019-07-23 00:00:00+00:00,-0.009999999999999962
2019-07-24 00:00:00+00:00,0.007216335540838998
2019-07-25 00:00:00+00:00,-0.002164392605633758
2019-07-26 00:00:00+00:00,-0.00022729381204187249
2019-07-29 00:00:00+00:00,-0.01
2019-07-30 00:00:00+00:00,-0.0022960638904736177
2019-07-31 00:00:00+00:00,-0.009999999999999865
2019-08-01 00:00:00+00:00,-0.009999999999999934
2019-08-02 00:00:00+00:00,-0.0008857949319717643
2019-08-04 00:00:00+00:00,0.0
2019-08-05 00:00:00+00:00,0.0028914494938616746
2019-08-06 00:00:00+00:00,-0.005245980507790569
2019-08-07 00:00:00+00:00,0.00720094970861212
2019-08-08 00:00:00+00:00,0.013747019159608664
2019-08-09 00:00:00+00:00,-0.006334246575342436
2019-08-11 00:00:00+00:00,0.0
2019-08-12 00:00:00+00:00,0.0009060231567580626
2019-08-13 00:00:00+00:00,-0.0035060120458351098
2019-08-14 00:00:00+00:00,0.007127818700081813
2019-08-15 00:00:00+00:00,-0.006442335639132804
2019-08-16 00:00:00+00:00,0.004828035219709779
2019-08-18 00:00:00+00:00,0.0
2019-08-19 00:00:00+00:00,-0.007449554083005215
2019-08-20 00:00:00+00:00,-0.0048900888643224226
2019-08-21 00:00:00+00:00,-0.0026255908170154624
2019-08-22 00:00:00+00:00,0.00030300458326255273
2019-08-23 00:00:00+00:00,-0.01000000000000001
2019-08-25 00:00:00+00:00,0.0
2019-08-26 00:00:00+00:00,-0.00297552855573867
2019-08-27 00:00:00+00:00,0.00577993648421436
2019-08-28 00:00:00+00:00,0.0033084641587678917
2019-08-29 00:00:00+00:00,-0.004895838368215072
2019-08-30 00:00:00+00:00,0.00781138545953359
2019-09-01 00:00:00+00:00,0.0
2019-09-02 00:00:00+00:00,-0.009999999999999962
2019-09-03 00:00:00+00:00,-0.001399773132393469
2019-09-04 00:00:00+00:00,-0.009999999999999908
2019-09-05 00:00:00+00:00,0.0003002593602447178
2019-09-06 00:00:00+00:00,0.0
2019-09-08 00:00:00+00:00,0.0
2019-09-09 00:00:00+00:00,-0.0011219981875849256
2019-09-10 00:00:00+00:00,-0.002672262245355161
2019-09-11 00:00:00+00:00,0.0021018766756032317
2019-09-12 00:00:00+00:00,-0.004086643670487066
2019-09-13 00:00:00+00:00,-0.0021698257025256646
2019-09-15 00:00:00+00:00,0.0
2019-09-16 00:00:00+00:00,0.0
2019-09-17 00:00:00+00:00,0.0
2019-09-18 00:00:00+00:00,-0.010000000000000042
2019-09-19 00:00:00+00:00,-0.009999999999999946
2019-09-20 00:00:00+00:00,0.014991471651770547
2019-09-22 00:00:00+00:00,0.0
2019-09-23 00:00:00+00:00,-0.010000000000000087
2019-09-24 00:00:00+00:00,0.033966559943081065
2019-09-25 00:00:00+00:00,0.011514728288471299
2019-09-26 00:00:00+00:00,-0.005643347656720578
2019-09-27 00:00:00+00:00,0.014444024919765985
2019-09-29 00:00:00+00:00,0.0
2019-09-30 00:00:00+00:00,0.0011349271777959349
2019-10-01 00:00:00+00:00,0.009184546136534303
2019-10-02 00:00:00+00:00,-0.00022015855882688136
2019-10-03 00:00:00+00:00,-0.009999999999999983
2019-10-04 00:00:00+00:00,0.0046596965273769525
2019-10-06 00:00:00+00:00,0.0
2019-10-07 00:00:00+00:00,-0.003401681798793692
2019-10-08 00:00:00+00:00,-0.008317657032133129
2019-10-09 00:00:00+00:00,0.00029636419187283644
2019-10-10 00:00:00+00:00,-0.010000000000000021
2019-10-11 00:00:00+00:00,-0.00999999999999991
2019-10-13 00:00:00+00:00,0.0
2019-10-14 00:00:00+00:00,-0.002501400246443392
2019-10-15 00:00:00+00:00,0.008659653224235177
2019-10-16 00:00:00+00:00,-0.0028763297872339212
2019-10-17 00:00:00+00:00,0.0019537042618603217
2019-10-18 00:00:00+00:00,0.011463425757022997
2019-10-20 00:00:00+00:00,0.0
2019-10-21 00:00:00+00:00,0.00069036963368136
2019-10-22 00:00:00+00:00,0.014965447006619599
2019-10-23 00:00:00+00:00,-0.00176600261267152
2019-10-24 00:00:00+00:00,-0.0003870202049441039
2019-10-25 00:00:00+00:00,0.014059449162632345
2019-10-27 00:00:00+00:00,0.0
2019-10-28 00:00:00+00:00,0.004636103151862596
2019-10-29 00:00:00+00:00,0.006368187292984097
2019-10-30 00:00:00+00:00,-0.010000000000000031
2019-10-31 00:00:00+00:00,-0.002173350582147487
2019-11-01 00:00:00+00:00,-0.002264108855677065
2019-11-03 00:00:00+00:00,0.0
2019-11-04 00:00:00+00:00,-0.002040181097906178
2019-11-05 00:00:00+00:00,-0.006374286801064967
2019-11-06 00:00:00+00:00,-0.002229131335971162
2019-11-07 00:00:00+00:00,-0.00999999999999974
2019-11-08 00:00:00+00:00,0.002447110916744334
2019-11-10 00:00:00+00:00,0.0
2019-11-11 00:00:00+00:00,0.0034202072538853275
2019-11-12 00:00:00+00:00,-0.009999999999999896
2019-11-13 00:00:00+00:00,0.0006301939058169266
2019-11-14 00:00:00+00:00,-0.009999999999999917
2019-11-15 00:00:00+00:00,-0.004025627335824954
2019-11-17 00:00:00+00:00,0.0
2019-11-18 00:00:00+00:00,0.0012218924493184605
2019-11-19 00:00:00+00:00,-0.010000000000000073
2019-11-20 00:00:00+00:00,-0.010000000000000129
2019-11-21 00:00:00+00:00,-0.00274153373257741
2019-11-22 00:00:00+00:00,0.0007120063821298205
2019-11-24 00:00:00+00:00,0.0
2019-11-25 00:00:00+00:00,0.003139682539682407
2019-11-26 00:00:00+00:00,-0.0003760467688420003
2019-11-27 00:00:00+00:00,0.011121973929236762
2019-11-28 00:00:00+00:00,-0.01
2019-11-29 00:00:00+00:00,0.0025275061124695616
2019-12-01 00:00:00+00:00,-0.006479217603912178
2019-12-02 00:00:00+00:00,-0.006415415405176405
2019-12-03 00:00:00+00:00,0.002018451216102955
2019-12-04 00:00:00+00:00,0.0
2019-12-05 00:00:00+00:00,-0.01
2019-12-06 00:00:00+00:00,0.002718404374301004
2019-12-08 00:00:00+00:00,0.0
2019-12-09 00:00:00+00:00,-0.0012931861804224007
2019-12-10 00:00:00+00:00,-0.004990333494441768
2019-12-11 00:00:00+00:00,0.003169937769267388
2019-12-12 00:00:00+00:00,-0.01000000000000008
2019-12-13 00:00:00+00:00,0.0001979363032045826
2019-12-15 00:00:00+00:00,0.0
2019-12-16 00:00:00+00:00,-0.00013397475688008237
2019-12-17 00:00:00+00:00,0.0
2019-12-18 00:00:00+00:00,-0.0029509283819627074
2019-12-19 00:00:00+00:00,0.008401515151515819
2019-12-20 00:00:00+00:00,-0.006431177446103337
2019-12-22 00:00:00+00:00,0.0
2019-12-23 00:00:00+00:00,-0.0064711649365620655
2019-12-24 00:00:00+00:00,0.0
2019-12-26 00:00:00+00:00,0.0
2019-12-27 00:00:00+00:00,0.0
2019-12-29 00:00:00+00:00,0.0
2019-12-30 00:00:00+00:00,-0.01000000000000016
2019-12-31 00:00:00+00:00,0.0
2020-01-01 00:00:00+00:00,0.0
2020-01-02 00:00:00+00:00,0.0029413256679068425
2020-01-03 00:00:00+00:00,-0.002554027155754667
2020-01-05 00:00:00+00:00,0.0
2020-01-06 00:00:00+00:00,0.007309645921688569
2020-01-07 00:00:00+00:00,-0.0014835614080386406
2020-01-08 00:00:00+00:00,0.009074412930771368
2020-01-09 00:00:00+00:00,-0.0032498802745701107
2020-01-10 00:00:00+00:00,0.0031271639911867374
2020-01-12 00:00:00+00:00,0.0
2020-01-13 00:00:00+00:00,0.006336688351540425
2020-01-14 00:00:00+00:00,-0.004591732148958225
2020-01-15 00:00:00+00:00,-0.009999999999999952
2020-01-16 00:00:00+00:00,-0.008745054945054837
2020-01-17 00:00:00+00:00,-0.0068202121719711075
2020-01-19 00:00:00+00:00,0.0
2020-01-20 00:00:00+00:00,-0.00342619578261563
2020-01-21 00:00:00+00:00,-0.00811406868250766
2020-01-22 00:00:00+00:00,-0.009999999999999872
2020-01-23 00:00:00+00:00,0.00352854091835723
2020-01-24 00:00:00+00:00,0.024217640731444466
2020-01-26 00:00:00+00:00,0.0
2020-01-27 00:00:00+00:00,-0.002390158943886672
2020-01-28 00:00:00+00:00,0.009609469458819032
2020-01-29 00:00:00+00:00,-0.010000000000000049
2020-01-30 00:00:00+00:00,-0.009999999999999974
2020-01-31 00:00:00+00:00,0.010057187068994696
2020-02-02 00:00:00+00:00,0.0
2020-02-03 00:00:00+00:00,-0.0015290771957301701
2020-02-04 00:00:00+00:00,0.009731205375892381
2020-02-05 00:00:00+00:00,-0.0013251058309434022
2020-02-06 00:00:00+00:00,0.0024738597608965278
2020-02-07 00:00:00+00:00,-0.0027562070787109016
2020-02-09 00:00:00+00:00,0.0
2020-02-10 00:00:00+00:00,0.006353202440745135
2020-02-11 00:00:00+00:00,-0.010000000000000103
2020-02-12 00:00:00+00:00,0.0010096768303815748
2020-02-13 00:00:00+00:00,0.0006715778653417209
2020-02-14 00:00:00+00:00,-0.0035987772494285994
2020-02-16 00:00:00+00:00,0.0
2020-02-17 00:00:00+00:00,-0.02190123950420006
2020-02-18 00:00:00+00:00,0.0029578814766126706
2020-02-19 00:00:00+00:00,0.0017936925098554163
2020-02-20 00:00:00+00:00,-0.009999999999999901
2020-02-21 00:00:00+00:00,0.003076999925073122
2020-02-23 00:00:00+00:00,0.0
2020-02-24 00:00:00+00:00,-0.01000000000000005
2020-02-25 00:00:00+00:00,0.014634123882215645
2020-02-26 00:00:00+00:00,-0.010000000000000026
2020-02-27 00:00:00+00:00,-0.009999999999999974
2020-02-28 00:00:00+00:00,-0.0028623799872416616
2020-03-01 00:00:00+00:00,0.0
2020-03-02 00:00:00+00:00,0.003547009000031823
2020-03-03 00:00:00+00:00,-0.009999999999999983
2020-03-04 00:00:00+00:00,0.005215269617443583
2020-03-05 00:00:00+00:00,-0.010000000000000049
2020-03-06 00:00:00+00:00,-0.0030324261569198395
2020-03-08 00:00:00+00:00,0.0
2020-03-09 00:00:00+00:00,-0.010000000000000009
2020-03-10 00:00:00+00:00,-0.010000000000000007
2020-03-11 00:00:00+00:00,0.004184137921375822
2020-03-12 00:00:00+00:00,-0.007051890996403546
2020-03-13 00:00:00+00:00,-0.006080368787132297
2020-03-16 00:00:00+00:00,-0.0018366459872762532
2020-03-17 00:00:00+00:00,0.0021623442812480644
2020-03-18 00:00:00+00:00,-0.01
2020-03-19 00:00:00+00:00,0.002157055277583297
2020-03-20 00:00:00+00:00,-0.009999999999999995
2020-03-22 00:00:00+00:00,0.0
2020-03-23 00:00:00+00:00,-0.0032392747545633423
2020-03-24 00:00:00+00:00,0.002478592437971443
2020-03-25 00:00:00+00:00,-0.009999999999999992
2020-03-26 00:00:00+00:00,0.0034468151697640754
2020-03-27 00:00:00+00:00,-0.001492070182011145
2020-03-29 00:00:00+00:00,0.0
2020-03-30 00:00:00+00:00,0.007208498203071137
2020-03-31 00:00:00+00:00,-0.009999999999999993
2020-04-01 00:00:00+00:00,-0.01
2020-04-02 00:00:00+00:00,0.002521182400217955
2020-04-03 00:00:00+00:00,0.006783395496615545
2020-04-05 00:00:00+00:00,0.0
2020-04-06 00:00:00+00:00,0.010620834875971848
2020-04-07 00:00:00+00:00,0.0027270049340894203
2020-04-08 00:00:00+00:00,0.0012168799276205198
2020-04-09 00:00:00+00:00,9.719237531745152e-05
2020-04-12 00:00:00+00:00,0.0
2020-04-13 00:00:00+00:00,-0.01000000000000001
2020-04-14 00:00:00+00:00,0.007095913327491433
2020-04-15 00:00:00+00:00,0.0014397247725966504
2020-04-16 00:00:00+00:00,-0.009999999999999938
2020-04-17 00:00:00+00:00,-0.0016298845920227397
2020-04-19 00:00:00+00:00,0.0
2020-04-20 00:00:00+00:00,-0.004209338826760912
2020-04-21 00:00:00+00:00,0.0036802839345211925
2020-04-22 00:00:00+00:00,0.006028128031037815
2020-04-23 00:00:00+00:00,-0.01000000000000005
2020-04-24 00:00:00+00:00,0.007308511572752392
2020-04-26 00:00:00+00:00,0.0
2020-04-27 00:00:00+00:00,-0.003952027794481105
2020-04-28 00:00:00+00:00,0.013989588894821207
2020-04-29 00:00:00+00:00,0.006006600660065951
2020-04-30 00:00:00+00:00,-0.00232132120847734
2020-05-03 00:00:00+00:00,0.0
2020-05-04 00:00:00+00:00,0.006483419549681499
2020-05-05 00:00:00+00:00,-0.005834161402512465
2020-05-06 00:00:00+00:00,-0.01000000000000008
2020-05-07 00:00:00+00:00,-0.0025866475283574165
2020-05-08 00:00:00+00:00,0.0029637927650944603
2020-05-10 00:00:00+00:00,0.0
2020-05-11 00:00:00+00:00,0.008154232978085223
2020-05-12 00:00:00+00:00,0.0
2020-05-13 00:00:00+00:00,-0.01
2020-05-14 00:00:00+00:00,-0.009999999999999952
2020-05-15 00:00:00+00:00,0.003489487632508852
2020-05-17 00:00:00+00:00,0.0
2020-05-18 00:00:00+00:00,0.0023822316154002285
2020-05-19 00:00:00+00:00,-0.005394066223377333
2020-05-20 00:00:00+00:00,0.0026403906522499956
2020-05-21 00:00:00+00:00,0.004274058717314336
2020-05-22 00:00:00+00:00,-0.001303096782398484
2020-05-24 00:00:00+00:00,0.0
2020-05-25 00:00:00+00:00,-0.00590165934602282
2020-05-26 00:00:00+00:00,0.0029339089182224857
2020-05-27 00:00:00+00:00,-0.009999999999999983
2020-05-28 00:00:00+00:00,-0.0013253128628564457
2020-05-29 00:00:00+00:00,-0.01
2020-05-31 00:00:00+00:00,0.0
2020-06-01 00:00:00+00:00,0.002577682842224415
2020-06-02 00:00:00+00:00,-0.010000000000000118
2020-06-03 00:00:00+00:00,-0.007210947767352122
2020-06-04 00:00:00+00:00,0.0060897887820423055
2020-06-05 00:00:00+00:00,0.002018945179904983
2020-06-07 00:00:00+00:00,0.0
2020-06-08 00:00:00+00:00,-0.01
2020-06-09 00:00:00+00:00,0.0062004605079540595
2020-06-10 00:00:00+00:00,0.005745157614888026
2020-06-11 00:00:00+00:00,-0.009999999999999981
2020-06-12 00:00:00+00:00,0.012200075260471852
2020-06-14 00:00:00+00:00,0.0
2020-06-15 00:00:00+00:00,0.009014830301490999
2020-06-16 00:00:00+00:00,0.0021241730399285882
2020-06-17 00:00:00+00:00,-0.01000000000000003
2020-06-18 00:00:00+00:00,-0.0014730930634410814
2020-06-19 00:00:00+00:00,0.006671137788806368
2020-06-21 00:00:00+00:00,0.0
2020-06-22 00:00:00+00:00,0.006681223594410163
2020-06-23 00:00:00+00:00,0.0008722268050188529
2020-06-24 00:00:00+00:00,0.004002369465909578
2020-06-25 00:00:00+00:00,0.0023020101295105617
2020-06-26 00:00:00+00:00,0.0072339575069952245
2020-06-28 00:00:00+00:00,0.0
2020-06-29 00:00:00+00:00,0.0026525334962684698
2020-06-30 00:00:00+00:00,0.008488376080098987
2020-07-01 00:00:00+00:00,0.008447240760097518
2020-07-02 00:00:00+00:00,-0.0012140170603996059
2020-07-03 00:00:00+00:00,0.0023884735953706355
2020-07-05 00:00:00+00:00,-0.01500040189695429
2020-07-06 00:00:00+00:00,0.008343686907905148
2020-07-07 00:00:00+00:00,-0.009999999999999966
2020-07-08 00:00:00+00:00,-0.01000000000000011
2020-07-09 00:00:00+00:00,-0.01
2020-07-10 00:00:00+00:00,0.0027722590621970327
2020-07-12 00:00:00+00:00,0.0
2020-07-13 00:00:00+00:00,-0.010000000000000031
2020-07-14 00:00:00+00:00,-0.00999999999999999
2020-07-15 00:00:00+00:00,-0.0016065612303146415
2020-07-16 00:00:00+00:00,-0.01
2020-07-17 00:00:00+00:00,-0.010000000000000082
2020-07-19 00:00:00+00:00,0.0
2020-07-20 00:00:00+00:00,0.01988527493760582
2020-07-21 00:00:00+00:00,0.004744803879163259
2020-07-22 00:00:00+00:00,-0.0039917906008326755
2020-07-23 00:00:00+00:00,0.02175473792043722
2020-07-24 00:00:00+00:00,0.00023032243531986767
2020-07-26 00:00:00+00:00,0.0
2020-07-27 00:00:00+00:00,0.0037063455049244523
2020-07-28 00:00:00+00:00,0.0
2020-07-29 00:00:00+00:00,0.005558872370710367
2020-07-30 00:00:00+00:00,0.0030274643561476835
2020-07-31 00:00:00+00:00,-0.007276113086168914
2020-08-02 00:00:00+00:00,0.0
2020-08-03 00:00:00+00:00,-5.295808745572825e-06
2020-08-04 00:00:00+00:00,-0.009999999999999896
2020-08-05 00:00:00+00:00,-0.004688002926115659
2020-08-06 00:00:00+00:00,0.013706677348566855
2020-08-07 00:00:00+00:00,-0.010000000000000085
2020-08-09 00:00:00+00:00,0.0
2020-08-10 00:00:00+00:00,-0.000341859865098918
2020-08-11 00:00:00+00:00,-0.008773398039021557
2020-08-12 00:00:00+00:00,0.005228535387423156
2020-08-13 00:00:00+00:00,-0.00999999999999995
2020-08-14 00:00:00+00:00,-0.0015486372448398108
2020-08-16 00:00:00+00:00,0.0
2020-08-17 00:00:00+00:00,0.0032259458609988486
2020-08-18 00:00:00+00:00,-0.009999999999999969
2020-08-19 00:00:00+00:00,-0.010000000000000031
2020-08-20 00:00:00+00:00,0.00982267581888254
2020-08-21 00:00:00+00:00,0.0007822847682119961
2020-08-23 00:00:00+00:00,0.0
2020-08-24 00:00:00+00:00,-2.148786802974886e-05
2020-08-25 00:00:00+00:00,0.006729185727355784
2020-08-26 00:00:00+00:00,0.01905421808618294
2020-08-27 00:00:00+00:00,-0.009999999999999959
2020-08-28 00:00:00+00:00,-0.005667825501850284
2020-08-30 00:00:00+00:00,0.0
2020-08-31 00:00:00+00:00,0.008965272226663197
2020-09-01 00:00:00+00:00,0.0007725363805058358
2020-09-02 00:00:00+00:00,-0.00929982915002126
2020-09-03 00:00:00+00:00,0.017345718243298097
2020-09-04 00:00:00+00:00,-0.0058327812689279715
2020-09-07 00:00:00+00:00,0.004583290395712918
2020-09-08 00:00:00+00:00,-0.022998017466923662
2020-09-09 00:00:00+00:00,0.0029388053567974888
2020-09-10 00:00:00+00:00,-0.009999999999999955
2020-09-11 00:00:00+00:00,0.0011599445316363092
2020-09-13 00:00:00+00:00,0.0
2020-09-14 00:00:00+00:00,-0.01
2020-09-15 00:00:00+00:00,0.00041599087683718514
2020-09-16 00:00:00+00:00,0.0075146865306889524
2020-09-17 00:00:00+00:00,-0.0029114408808042077
2020-09-18 00:00:00+00:00,0.00189260904827392
2020-09-20 00:00:00+00:00,0.0
2020-09-21 00:00:00+00:00,-0.009431200965600463
2020-09-22 00:00:00+00:00,-0.010000000000000047
2020-09-23 00:00:00+00:00,0.01601739379643273
2020-09-24 00:00:00+00:00,-0.0013546460244415086
2020-09-25 00:00:00+00:00,0.01091063783071685
2020-09-27 00:00:00+00:00,0.0
2020-09-28 00:00:00+00:00,-0.008757105476856458
2020-09-29 00:00:00+00:00,-0.0026959716929777734
2020-09-30 00:00:00+00:00,-0.009751948586322159
2020-10-01 00:00:00+00:00,-0.004273009998200902
2020-10-02 00:00:00+00:00,-0.010000000000000045
2020-10-04 00:00:00+00:00,0.0
2020-10-05 00:00:00+00:00,0.007036958576410366
2020-10-06 00:00:00+00:00,-0.01000000000000009
2020-10-07 00:00:00+00:00,-0.00999999999999997
2020-10-08 00:00:00+00:00,-0.0028842743817076746
2020-10-09 00:00:00+00:00,0.00650611502438251
2020-10-11 00:00:00+00:00,0.0
2020-10-12 00:00:00+00:00,0.00987938822774058
2020-10-13 00:00:00+00:00,-0.0018603722402230475
2020-10-14 00:00:00+00:00,0.0025992115325243104
2020-10-15 00:00:00+00:00,0.0
2020-10-16 00:00:00+00:00,-0.009999999999999926
2020-10-18 00:00:00+00:00,0.0
2020-10-19 00:00:00+00:00,0.020223319228961017
2020-10-20 00:00:00+00:00,-0.01000000000000007
2020-10-21 00:00:00+00:00,-0.0018368663324243933
2020-10-22 00:00:00+00:00,-0.0018000824925438444
2020-10-23 00:00:00+00:00,-0.006037930603052883
2020-10-25 00:00:00+00:00,0.0
2020-10-26 00:00:00+00:00,0.0053551468882469325
2020-10-27 00:00:00+00:00,0.0021077042835211156
2020-10-28 00:00:00+00:00,0.0012025253824686968
2020-10-29 00:00:00+00:00,0.006421718772003897
2020-10-30 00:00:00+00:00,0.007699717367479953
2020-11-01 00:00:00+00:00,0.0
2020-11-02 00:00:00+00:00,0.006904708182912108
2020-11-03 00:00:00+00:00,0.0038354091805581237
2020-11-04 00:00:00+00:00,0.00016802634533342556
2020-11-05 00:00:00+00:00,-0.005188398611799558
2020-11-06 00:00:00+00:00,0.0018475086576730207
2020-11-08 00:00:00+00:00,0.0
2020-11-09 00:00:00+00:00,-0.0060857500145033
2020-11-10 00:00:00+00:00,-0.004143705994872029
2020-11-11 00:00:00+00:00,0.002888496512757123
2020-11-12 00:00:00+00:00,-0.009999999999999943
2020-11-13 00:00:00+00:00,-0.00999999999999997
2020-11-15 00:00:00+00:00,0.0
2020-11-16 00:00:00+00:00,-0.0009261443207782759
2020-11-17 00:00:00+00:00,0.0
2020-11-18 00:00:00+00:00,-0.0060147906808368234
2020-11-19 00:00:00+00:00,0.004909571638661969
2020-11-20 00:00:00+00:00,-0.00721015649952086
2020-11-22 00:00:00+00:00,0.0
2020-11-23 00:00:00+00:00,-0.0003406935547363454
2020-11-24 00:00:00+00:00,0.00985640080934977
2020-11-25 00:00:00+00:00,-0.008066948928287852
2020-11-26 00:00:00+00:00,0.01063074096754472
2020-11-27 00:00:00+00:00,-0.01970138652174709
2020-11-29 00:00:00+00:00,0.007801461632155977
2020-11-30 00:00:00+00:00,-0.02400836536174321
2020-12-01 00:00:00+00:00,0.0038964335837532163
2020-12-02 00:00:00+00:00,0.005165411850317614
2020-12-03 00:00:00+00:00,-0.009999999999999877
2020-12-04 00:00:00+00:00,-0.0002693333333333878
2020-12-06 00:00:00+00:00,0.0
2020-12-07 00:00:00+00:00,-0.005469420750404296
2020-12-08 00:00:00+00:00,-0.010000000000000066
2020-12-09 00:00:00+00:00,0.03444600377306392
2020-12-10 00:00:00+00:00,0.0015745933574436144
2020-12-11 00:00:00+00:00,-0.010000000000000064
2020-12-13 00:00:00+00:00,0.0
2020-12-14 00:00:00+00:00,-0.007724880982209932
2020-12-15 00:00:00+00:00,-0.006549934350894618
2020-12-16 00:00:00+00:00,0.007521630587189195
2020-12-17 00:00:00+00:00,-0.0033488319982076875
2020-12-18 00:00:00+00:00,0.009942291838417104
2020-12-20 00:00:00+00:00,0.0
2020-12-21 00:00:00+00:00,-0.010000000000000018
2020-12-22 00:00:00+00:00,-0.0063275656324582605
2020-12-23 00:00:00+00:00,-0.0032447206829417526
2020-12-24 00:00:00+00:00,0.0
2020-12-27 00:00:00+00:00,0.0
2020-12-28 00:00:00+00:00,-0.009999999999999854
2020-12-29 00:00:00+00:00,-0.00999999999999992
2020-12-30 00:00:00+00:00,-0.0013037817028985139
2020-12-31 00:00:00+00:00,-0.007215579164695363
2021-01-03 00:00:00+00:00,0.0
2021-01-04 00:00:00+00:00,0.022785581765173618
2021-01-05 00:00:00+00:00,-0.0006246030065635921
2021-01-06 00:00:00+00:00,-0.001452693993297251
2021-01-07 00:00:00+00:00,0.0056376970637831625
2021-01-08 00:00:00+00:00,-0.009999999999999955
2021-01-10 00:00:00+00:00,0.0
2021-01-11 00:00:00+00:00,-0.008029973189119865
2021-01-12 00:00:00+00:00,-0.006327247429327774
2021-01-13 00:00:00+00:00,0.0025666876943179575
2021-01-14 00:00:00+00:00,-0.009999999999999927
2021-01-15 00:00:00+00:00,0.0020627085270469247
2021-01-17 00:00:00+00:00,0.0
2021-01-18 00:00:00+00:00,0.0
2021-01-19 00:00:00+00:00,0.004209907660987473
2021-01-20 00:00:00+00:00,0.01083080398108276
2021-01-21 00:00:00+00:00,0.004752162087828198
2021-01-22 00:00:00+00:00,0.0
2021-01-24 00:00:00+00:00,0.0
2021-01-25 00:00:00+00:00,0.005779653420973881
2021-01-26 00:00:00+00:00,-0.0018044877038006532
2021-01-27 00:00:00+00:00,0.002043836050007867
2021-01-28 00:00:00+00:00,-0.001639754770745171
2021-01-29 00:00:00+00:00,-0.009999999999999966
2021-01-31 00:00:00+00:00,0.0
2021-02-01 00:00:00+00:00,0.009698712412656036
2021-02-02 00:00:00+00:00,0.0022872680742164093
2021-02-03 00:00:00+00:00,0.0022104997839550106
2021-02-04 00:00:00+00:00,0.002457781557526387
2021-02-05 00:00:00+00:00,-0.0021752546353185696
2021-02-07 00:00:00+00:00,0.0
2021-02-08 00:00:00+00:00,-0.005219850024789412
2021-02-09 00:00:00+00:00,-0.009999999999999863
2021-02-10 00:00:00+00:00,0.011460227738183112
2021-02-11 00:00:00+00:00,-0.010000000000000054
2021-02-12 00:00:00+00:00,0.010505585376468602
2021-02-14 00:00:00+00:00,0.0
2021-02-15 00:00:00+00:00,-0.0031392958108459545
2021-02-16 00:00:00+00:00,-0.005684196349145675
2021-02-17 00:00:00+00:00,-0.00688105230832223
2021-02-18 00:00:00+00:00,-0.009999999999999976
2021-02-19 00:00:00+00:00,0.002385317981959104
2021-02-21 00:00:00+00:00,0.0
2021-02-22 00:00:00+00:00,0.00832795541214425
2021-02-23 00:00:00+00:00,0.0072260869565216835
2021-02-24 00:00:00+00:00,-0.009999999999999969
2021-02-25 00:00:00+00:00,0.016426400865497785
2021-02-26 00:00:00+00:00,-0.005812952065710412
2021-02-28 00:00:00+00:00,0.0
2021-03-01 00:00:00+00:00,0.007843355676340077
2021-03-02 00:00:00+00:00,0.0035707035525923076
2021-03-03 00:00:00+00:00,0.005819389391509625
2021-03-04 00:00:00+00:00,-0.010000000000000023
2021-03-05 00:00:00+00:00,-0.010000000000000016
2021-03-07 00:00:00+00:00,0.0
2021-03-08 00:00:00+00:00,0.003892661364863529
2021-03-09 00:00:00+00:00,0.00586897825778031
2021-03-10 00:00:00+00:00,0.000794231396486632
2021-03-11 00:00:00+00:00,0.002238344352804769
2021-03-12 00:00:00+00:00,-0.007272192272482873
2021-03-14 00:00:00+00:00,0.0
2021-03-15 00:00:00+00:00,0.003084662799129707
2021-03-16 00:00:00+00:00,-0.01000000000000003
2021-03-17 00:00:00+00:00,0.009605409640044396
2021-03-18 00:00:00+00:00,0.00498719626700053
2021-03-19 00:00:00+00:00,0.0003951114544250545
2021-03-21 00:00:00+00:00,0.0
2021-03-22 00:00:00+00:00,0.004133282176122024
2021-03-23 00:00:00+00:00,-0.009999999999999974
2021-03-24 00:00:00+00:00,0.008772770286255149
2021-03-25 00:00:00+00:00,-0.006526583825626406
2021-03-26 00:00:00+00:00,0.0004218859342196982
2021-03-28 00:00:00+00:00,0.0
2021-03-29 00:00:00+00:00,-0.010000000000000018
2021-03-30 00:00:00+00:00,-0.0009238981658910517
2021-03-31 00:00:00+00:00,0.003929705518601244
2021-04-01 00:00:00+00:00,-0.001764456682906255
2021-04-02 00:00:00+00:00,0.0
2021-04-04 00:00:00+00:00,0.0
2021-04-05 00:00:00+00:00,0.010275989280617983
2021-04-06 00:00:00+00:00,-0.003735119466411513
2021-04-07 00:00:00+00:00,-0.0011682519772830192
2021-04-08 00:00:00+00:00,-0.004474729788881707
2021-04-09 00:00:00+00:00,0.0074079982982344274
2021-04-11 00:00:00+00:00,0.0
2021-04-12 00:00:00+00:00,-0.000143172841828081
2021-04-13 00:00:00+00:00,0.0024067549507959477
2021-04-14 00:00:00+00:00,0.016125048095421667
2021-04-15 00:00:00+00:00,0.0031741318570708515
2021-04-16 00:00:00+00:00,0.0
2021-04-18 00:00:00+00:00,0.0
2021-04-19 00:00:00+00:00,0.0023042508527945644
2021-04-20 00:00:00+00:00,0.0008114874059618412
2021-04-21 00:00:00+00:00,0.007431559073415107
2021-04-22 00:00:00+00:00,-0.009999999999999943
2021-04-23 00:00:00+00:00,0.014091136705057569
2021-04-25 00:00:00+00:00,0.0
2021-04-26 00:00:00+00:00,0.007188493059040095
2021-04-27 00:00:00+00:00,-0.0049336298093120325
2021-04-28 00:00:00+00:00,-0.00488017865834464
2021-04-29 00:00:00+00:00,-0.0015631171198540641
2021-04-30 00:00:00+00:00,-0.01
2021-05-02 00:00:00+00:00,0.0
2021-05-03 00:00:00+00:00,-0.01
2021-05-04 00:00:00+00:00,0.002664851083555335
2021-05-05 00:00:00+00:00,0.0037012286625400757
2021-05-06 00:00:00+00:00,-0.009999999999999959
2021-05-07 00:00:00+00:00,-0.003281561548955853
2021-05-09 00:00:00+00:00,0.0
2021-05-10 00:00:00+00:00,0.008088675003819388
2021-05-11 00:00:00+00:00,0.0002346934128736768
2021-05-12 00:00:00+00:00,0.004606216276147523
2021-05-13 00:00:00+00:00,-0.010000000000000042
2021-05-14 00:00:00+00:00,0.008672797840026928
2021-05-16 00:00:00+00:00,0.0
2021-05-17 00:00:00+00:00,-0.002220509182197728
2021-05-18 00:00:00+00:00,-0.009999999999999974
2021-05-19 00:00:00+00:00,0.004442193087008401
2021-05-20 00:00:00+00:00,0.008716799870832329
2021-05-21 00:00:00+00:00,0.005785362608117153
2021-05-23 00:00:00+00:00,0.0
2021-05-24 00:00:00+00:00,0.005173440658388459
2021-05-25 00:00:00+00:00,-0.0013738057324839978
2021-05-26 00:00:00+00:00,-0.0026195783587728417
2021-05-27 00:00:00+00:00,-0.005507425099953126
2021-05-28 00:00:00+00:00,-0.0037787879800781536
2021-05-30 00:00:00+00:00,0.0
2021-05-31 00:00:00+00:00,-0.010000000000000184
2021-06-01 00:00:00+00:00,-0.00014876402818679403
2021-06-02 00:00:00+00:00,-0.0028511726546907113
2021-06-03 00:00:00+00:00,-0.0032554605350097678
2021-06-04 00:00:00+00:00,0.0027328242376000655
2021-06-06 00:00:00+00:00,0.0
2021-06-07 00:00:00+00:00,0.00024261401663650903
2021-06-08 00:00:00+00:00,0.0007443465574322545
2021-06-09 00:00:00+00:00,0.0032596889656876737
2021-06-10 00:00:00+00:00,0.0
2021-06-11 00:00:00+00:00,0.0
2021-06-13 00:00:00+00:00,0.0
2021-06-14 00:00:00+00:00,0.0026531938289294193
2021-06-15 00:00:00+00:00,0.00451408530376752
2021-06-16 00:00:00+00:00,-0.009999999999999894
2021-06-17 00:00:00+00:00,0.012484332008560185
2021-06-18 00:00:00+00:00,-0.0032116864212933557
2021-06-20 00:00:00+00:00,0.0
2021-06-21 00:00:00+00:00,0.001596892319873259
2021-06-22 00:00:00+00:00,0.0056244609280662865
2021-06-23 00:00:00+00:00,0.0
2021-06-24 00:00:00+00:00,-0.0099999999999999
2021-06-25 00:00:00+00:00,-0.00047443267776092204
2021-06-27 00:00:00+00:00,0.0
2021-06-28 00:00:00+00:00,0.00607326280672464
2021-06-29 00:00:00+00:00,0.0010978315683308141
2021-06-30 00:00:00+00:00,0.0
2021-07-01 00:00:00+00:00,-0.003912069956730735
2021-07-02 00:00:00+00:00,0.004742288168684047
2021-07-04 00:00:00+00:00,0.0
2021-07-05 00:00:00+00:00,-0.009999999999999645
2021-07-06 00:00:00+00:00,-0.009999999999999875
2021-07-07 00:00:00+00:00,-0.002075618698441957
2021-07-08 00:00:00+00:00,0.002982947360814982
2021-07-09 00:00:00+00:00,0.006533319530302487
2021-07-11 00:00:00+00:00,0.0
2021-07-12 00:00:00+00:00,0.0
2021-07-13 00:00:00+00:00,-0.0040209692213615976
2021-07-14 00:00:00+00:00,0.0004618143269576653
2021-07-15 00:00:00+00:00,0.0007358929086192093
2021-07-16 00:00:00+00:00,0.01417350146330876
2021-07-18 00:00:00+00:00,0.0
2021-07-19 00:00:00+00:00,-0.0008673629989984985
2021-07-20 00:00:00+00:00,0.010868433891689643
2021-07-21 00:00:00+00:00,0.002891362526835908
2021-07-22 00:00:00+00:00,0.0006179369125983746
2021-07-23 00:00:00+00:00,0.01567974184896513
2021-07-25 00:00:00+00:00,0.0
2021-07-26 00:00:00+00:00,-0.0005050998263890923
2021-07-27 00:00:00+00:00,0.006804982649119522
2021-07-28 00:00:00+00:00,-0.00999999999999994
2021-07-29 00:00:00+00:00,0.0
2021-07-30 00:00:00+00:00,-0.0026198877769421044
2021-08-01 00:00:00+00:00,0.0
2021-08-02 00:00:00+00:00,-0.009169728956519688
2021-08-03 00:00:00+00:00,-0.009999999999999972
2021-08-04 00:00:00+00:00,-0.01000000000000003
2021-08-05 00:00:00+00:00,-0.0008172015622346893
2021-08-06 00:00:00+00:00,-0.0009651461914921158
2021-08-08 00:00:00+00:00,0.0
2021-08-09 00:00:00+00:00,0.0
2021-08-10 00:00:00+00:00,0.009943656852054079
2021-08-11 00:00:00+00:00,0.003264078410658313
2021-08-12 00:00:00+00:00,0.007099819240811543
2021-08-13 00:00:00+00:00,0.00044320025116426293
2021-08-15 00:00:00+00:00,0.0
2021-08-16 00:00:00+00:00,-0.010000000000000031
2021-08-17 00:00:00+00:00,-0.010000000000000038
2021-08-18 00:00:00+00:00,0.001659429280397133
2021-08-19 00:00:00+00:00,0.007006180525684148
2021-08-20 00:00:00+00:00,0.003640961001093583
2021-08-22 00:00:00+00:00,0.0
2021-08-23 00:00:00+00:00,0.012899746192893283
2021-08-24 00:00:00+00:00,-0.0022985651214127477
2021-08-25 00:00:00+00:00,-0.003413262964662638
2021-08-26 00:00:00+00:00,0.0012204090593100191
2021-08-27 00:00:00+00:00,0.004379475334103302
2021-08-29 00:00:00+00:00,0.0
2021-08-30 00:00:00+00:00,0.009958519784805817
2021-08-31 00:00:00+00:00,0.0
2021-09-01 00:00:00+00:00,0.0
2021-09-02 00:00:00+00:00,0.007931506114567513
2021-09-03 00:00:00+00:00,-5.64362590822498e-05
2021-09-05 00:00:00+00:00,0.0
2021-09-06 00:00:00+00:00,-0.009999999999999854
2021-09-07 00:00:00+00:00,-7.714543812135103e-05
2021-09-08 00:00:00+00:00,-0.005001008606777645
2021-09-09 00:00:00+00:00,0.0015691832002061488
2021-09-10 00:00:00+00:00,0.027463483295267026
2021-09-12 00:00:00+00:00,0.0
2021-09-13 00:00:00+00:00,-0.0028205968193459265
2021-09-14 00:00:00+00:00,0.004726004922067135
2021-09-15 00:00:00+00:00,-0.01000000000000008
2021-09-16 00:00:00+00:00,-0.009999999999999969
2021-09-17 00:00:00+00:00,0.0034138840070300357
2021-09-19 00:00:00+00:00,0.0
2021-09-20 00:00:00+00:00,0.0044464316275886415
2021-09-21 00:00:00+00:00,-0.004608092426362699
2021-09-22 00:00:00+00:00,0.008671529915673878
2021-09-23 00:00:00+00:00,-0.00012729661872016925
2021-09-24 00:00:00+00:00,0.005450918901468781
2021-09-26 00:00:00+00:00,0.0
2021-09-27 00:00:00+00:00,0.0
2021-09-28 00:00:00+00:00,0.004568644008162649
2021-09-29 00:00:00+00:00,0.00015630711527150285
2021-09-30 00:00:00+00:00,0.002691924834941497
2021-10-01 00:00:00+00:00,-0.009999999999999985
2021-10-03 00:00:00+00:00,0.0
2021-10-04 00:00:00+00:00,0.007862030502584754
2021-10-05 00:00:00+00:00,0.006221547412473207
2021-10-06 00:00:00+00:00,0.00280628131457524
2021-10-07 00:00:00+00:00,-0.007868448231345273
2021-10-08 00:00:00+00:00,0.0004953750139307494
2021-10-10 00:00:00+00:00,0.0
2021-10-11 00:00:00+00:00,-0.00999999999999993
2021-10-12 00:00:00+00:00,0.001575810790614296
2021-10-13 00:00:00+00:00,-0.004382843193347817
2021-10-14 00:00:00+00:00,0.003522952569772719
2021-10-15 00:00:00+00:00,-8.524264838529639e-05
2021-10-17 00:00:00+00:00,0.0
2021-10-18 00:00:00+00:00,0.010630248560595497
2021-10-19 00:00:00+00:00,0.0018242483843776214
2021-10-20 00:00:00+00:00,0.003110178523847606
2021-10-21 00:00:00+00:00,0.007691428349996377
2021-10-22 00:00:00+00:00,-0.00999999999999997
2021-10-24 00:00:00+00:00,0.0
2021-10-25 00:00:00+00:00,0.005689727618765178
2021-10-26 00:00:00+00:00,-0.010000000000000035
2021-10-27 00:00:00+00:00,-0.0010456966089748717
2021-10-28 00:00:00+00:00,0.0020214139836616826
2021-10-29 00:00:00+00:00,0.0073450162333512405
2021-10-31 00:00:00+00:00,0.0
2021-11-01 00:00:00+00:00,0.0
2021-11-02 00:00:00+00:00,-0.0001640031567524604
2021-11-03 00:00:00+00:00,0.011573031946578001
2021-11-04 00:00:00+00:00,0.0030319618915909488
2021-11-05 00:00:00+00:00,-0.00037421601066719263
2021-11-07 00:00:00+00:00,0.0
2021-11-08 00:00:00+00:00,-0.0010279214064116383
2021-11-09 00:00:00+00:00,-0.0013292305667083378
2021-11-10 00:00:00+00:00,-0.010000000000000018
2021-11-11 00:00:00+00:00,0.0021620656057159873
2021-11-12 00:00:00+00:00,0.008487016351911592
2021-11-14 00:00:00+00:00,0.0
2021-11-15 00:00:00+00:00,0.0010513346283903503
2021-11-16 00:00:00+00:00,0.002437537180249908
2021-11-17 00:00:00+00:00,-0.0021180048661799985
2021-11-18 00:00:00+00:00,-0.009999999999999905
2021-11-19 00:00:00+00:00,-0.003594049904030808
2021-11-21 00:00:00+00:00,0.0
2021-11-22 00:00:00+00:00,-0.009999999999999874
2021-11-23 00:00:00+00:00,-8.139534883721752e-05
2021-11-24 00:00:00+00:00,0.00574475138121553
2021-11-25 00:00:00+00:00,0.0
2021-11-26 00:00:00+00:00,0.006007758553805475
2021-11-28 00:00:00+00:00,-0.006901156024516968
2021-11-29 00:00:00+00:00,-0.005950257751054582
2021-11-30 00:00:00+00:00,-0.01
2021-12-01 00:00:00+00:00,-0.01
2021-12-02 00:00:00+00:00,-0.008760148009057318
2021-12-03 00:00:00+00:00,0.007580343657926705
2021-12-05 00:00:00+00:00,0.0
2021-12-06 00:00:00+00:00,0.0041367796975967834
2021-12-07 00:00:00+00:00,0.0012587284086733473
2021-12-08 00:00:00+00:00,-0.0017685983557247584
2021-12-09 00:00:00+00:00,0.00568015462738451
2021-12-10 00:00:00+00:00,-0.006172961419836552
2021-12-12 00:00:00+00:00,0.0
2021-12-13 00:00:00+00:00,0.004762024376392557
2021-12-14 00:00:00+00:00,-0.004319771409075388
2021-12-15 00:00:00+00:00,-0.00999999999999997
2021-12-16 00:00:00+00:00,0.013699204662545135
2021-12-17 00:00:00+00:00,-0.002903851910505063
2021-12-19 00:00:00+00:00,0.0
2021-12-20 00:00:00+00:00,-0.0028821419656581584
2021-12-21 00:00:00+00:00,-0.010000000000000018
2021-12-22 00:00:00+00:00,0.0042966153617645005
2021-12-23 00:00:00+00:00,0.007846674705500238
2021-12-26 00:00:00+00:00,0.0
2021-12-27 00:00:00+00:00,0.007666717464187975
2021-12-28 00:00:00+00:00,-0.0005738142443191209
2021-12-29 00:00:00+00:00,-0.007386215077712575
2021-12-30 00:00:00+00:00,-0.00971899109792303
2021-12-31 00:00:00+00:00,0.0023416098226465834
2022-01-02 00:00:00+00:00,-0.00238362892223753
2022-01-03 00:00:00+00:00,-0.01264444067614141
2022-01-04 00:00:00+00:00,0.008467771022258846
2022-01-05 00:00:00+00:00,0.010030751451229376
2022-01-06 00:00:00+00:00,-0.01000000000000001
2022-01-07 00:00:00+00:00,0.00212198714825892
2022-01-09 00:00:00+00:00,0.0
2022-01-10 00:00:00+00:00,-0.01000000000000004
2022-01-11 00:00:00+00:00,0.010079904424998388
2022-01-12 00:00:00+00:00,-0.010000000000000014
2022-01-13 00:00:00+00:00,0.027277692216562174
2022-01-14 00:00:00+00:00,0.0
2022-01-16 00:00:00+00:00,0.0
2022-01-17 00:00:00+00:00,0.0
2022-01-18 00:00:00+00:00,-0.010000000000000014
2022-01-19 00:00:00+00:00,0.003664778657611627
2022-01-20 00:00:00+00:00,-0.009999999999999967
2022-01-21 00:00:00+00:00,-0.00999999999999998
2022-01-23 00:00:00+00:00,0.0
2022-01-24 00:00:00+00:00,-0.010000000000000014
2022-01-25 00:00:00+00:00,-0.004570155194845439
2022-01-26 00:00:00+00:00,-0.00999999999999999
2022-01-27 00:00:00+00:00,-0.010000000000000021
2022-01-28 00:00:00+00:00,0.004595227055380061
2022-01-30 00:00:00+00:00,0.0
2022-01-31 00:00:00+00:00,0.006193700478030266
2022-02-01 00:00:00+00:00,-0.009118801260116289
2022-02-02 00:00:00+00:00,-0.006393574780411502
2022-02-03 00:00:00+00:00,-0.01000000000000001
2022-02-04 00:00:00+00:00,0.004318622577056764
2022-02-06 00:00:00+00:00,0.0
2022-02-07 00:00:00+00:00,0.004001260364842458
2022-02-08 00:00:00+00:00,-0.009999999999999945
2022-02-09 00:00:00+00:00,0.0015403450372883422
2022-02-10 00:00:00+00:00,-0.00999999999999998
2022-02-11 00:00:00+00:00,0.017298870270865768
2022-02-13 00:00:00+00:00,0.0
2022-02-14 00:00:00+00:00,-0.003077115794139454
2022-02-15 00:00:00+00:00,0.001939083709413974
2022-02-16 00:00:00+00:00,0.0031974967378614544
2022-02-17 00:00:00+00:00,0.0074970469329696246
2022-02-18 00:00:00+00:00,0.0013833137513777653
2022-02-20 00:00:00+00:00,0.0
2022-02-21 00:00:00+00:00,0.005364925450943484
2022-02-22 00:00:00+00:00,-0.02536492545094348
2022-02-23 00:00:00+00:00,0.022877866035716433
2022-02-24 00:00:00+00:00,0.01653126269694374
2022-02-25 00:00:00+00:00,0.0034912240711191984
2022-02-27 00:00:00+00:00,0.0
2022-02-28 00:00:00+00:00,-0.0043232608862437474
2022-03-01 00:00:00+00:00,0.008482433857362035
2022-03-02 00:00:00+00:00,-0.01
2022-03-03 00:00:00+00:00,0.013451876918234141
2022-03-04 00:00:00+00:00,0.0018759909820632464
2022-03-06 00:00:00+00:00,0.0
2022-03-07 00:00:00+00:00,0.009355081813029758
2022-03-08 00:00:00+00:00,-0.01000000000000001
2022-03-09 00:00:00+00:00,0.005909771621115725
2022-03-10 00:00:00+00:00,-0.004268797844480214
2022-03-11 00:00:00+00:00,0.009577501110331095
2022-03-13 00:00:00+00:00,0.0
2022-03-14 00:00:00+00:00,-0.01
2022-03-15 00:00:00+00:00,0.008127126838027606
2022-03-16 00:00:00+00:00,-0.010000000000000054
2022-03-17 00:00:00+00:00,0.005117578981064246
2022-03-18 00:00:00+00:00,0.010786780058053634
2022-03-20 00:00:00+00:00,0.0
2022-03-21 00:00:00+00:00,-0.009999999999999985
2022-03-22 00:00:00+00:00,0.008882265578906751
2022-03-23 00:00:00+00:00,-0.0038407424335765135
2022-03-24 00:00:00+00:00,-0.010000000000000031
2022-03-25 00:00:00+00:00,-0.009999999999999967
2022-03-27 00:00:00+00:00,0.0
2022-03-28 00:00:00+00:00,-0.01
2022-03-29 00:00:00+00:00,-0.009999999999999988
2022-03-30 00:00:00+00:00,-0.010000000000000045
2022-03-31 00:00:00+00:00,0.001513028030003926
2022-04-01 00:00:00+00:00,0.001032745779913758
2022-04-03 00:00:00+00:00,0.0
2022-04-04 00:00:00+00:00,0.005033710975344487
2022-04-05 00:00:00+00:00,0.012733183496548266
2022-04-06 00:00:00+00:00,-0.009999999999999943
2022-04-07 00:00:00+00:00,-0.007194019160175471
2022-04-08 00:00:00+00:00,-0.00435654417219342
2022-04-10 00:00:00+00:00,0.0
2022-04-11 00:00:00+00:00,0.004130743349805512
2022-04-12 00:00:00+00:00,0.00753909080285149
2022-04-13 00:00:00+00:00,0.009361111111111075
2022-04-14 00:00:00+00:00,0.007453692587383947
2022-04-17 00:00:00+00:00,0.0
2022-04-18 00:00:00+00:00,-0.01
2022-04-19 00:00:00+00:00,0.007159863395053762
2022-04-20 00:00:00+00:00,0.0007790199961668708
2022-04-21 00:00:00+00:00,0.02936611386287511
2022-04-22 00:00:00+00:00,0.006523548768908569
2022-04-24 00:00:00+00:00,0.0
2022-04-25 00:00:00+00:00,0.004531017313310723
2022-04-26 00:00:00+00:00,0.008352577032760673
2022-04-27 00:00:00+00:00,-0.001210180514998713
2022-04-28 00:00:00+00:00,-0.01
2022-04-29 00:00:00+00:00,0.009187209412657792
2022-05-01 00:00:00+00:00,0.0
2022-05-02 00:00:00+00:00,-0.0005143800003837127
2022-05-03 00:00:00+00:00,-0.0029651807496118648
2022-05-04 00:00:00+00:00,-0.01
2022-05-05 00:00:00+00:00,0.016017455313241162
2022-05-06 00:00:00+00:00,-0.004008295816682715
2022-05-08 00:00:00+00:00,0.0
2022-05-09 00:00:00+00:00,0.0057400110022116455
2022-05-10 00:00:00+00:00,-0.002098533193637443
2022-05-11 00:00:00+00:00,0.0033055580578326103
2022-05-12 00:00:00+00:00,-0.0026021559398522803
2022-05-13 00:00:00+00:00,0.00572002870329592
2022-05-15 00:00:00+00:00,0.0
2022-05-16 00:00:00+00:00,-0.006483457104854849
2022-05-17 00:00:00+00:00,-0.008262639746370776
2022-05-18 00:00:00+00:00,0.02132854562040536
2022-05-19 00:00:00+00:00,-0.004163003475771855
2022-05-20 00:00:00+00:00,0.008521148280634966
2022-05-22 00:00:00+00:00,0.0
2022-05-23 00:00:00+00:00,-0.0003546162848317007
2022-05-24 00:00:00+00:00,-0.00999999999999997
2022-05-25 00:00:00+00:00,0.0032054385917980235
2022-05-26 00:00:00+00:00,0.006878378569109916
2022-05-27 00:00:00+00:00,0.0046833070820207654
2022-05-29 00:00:00+00:00,0.0
2022-05-30 00:00:00+00:00,0.0037430406852249237
2022-05-31 00:00:00+00:00,-0.01441112885417237
2022-06-01 00:00:00+00:00,0.004035707751924954
2022-06-02 00:00:00+00:00,0.012142764081703597
2022-06-03 00:00:00+00:00,0.002771278841616375
2022-06-05 00:00:00+00:00,0.0
2022-06-06 00:00:00+00:00,-0.009999999999999943
2022-06-07 00:00:00+00:00,0.0059259450526751006
2022-06-08 00:00:00+00:00,-0.0011547895457521835
2022-06-09 00:00:00+00:00,0.00772349288689776
2022-06-10 00:00:00+00:00,-0.00022244793290364224
2022-06-12 00:00:00+00:00,0.0
2022-06-13 00:00:00+00:00,0.00848045674132634
2022-06-14 00:00:00+00:00,-0.002435299109037001
2022-06-15 00:00:00+00:00,-0.010000000000000016
2022-06-16 00:00:00+00:00,0.004549131216297228
2022-06-17 00:00:00+00:00,-0.009999999999999988
2022-06-19 00:00:00+00:00,0.0
2022-06-20 00:00:00+00:00,0.006612072517511315
2022-06-21 00:00:00+00:00,0.02587865677791469
2022-06-22 00:00:00+00:00,-0.0035909621042002947
2022-06-23 00:00:00+00:00,0.001141830508474644
2022-06-24 00:00:00+00:00,0.0008341730243270536
2022-06-26 00:00:00+00:00,0.0
2022-06-27 00:00:00+00:00,0.0
2022-06-28 00:00:00+00:00,0.01938550047581972
2022-06-29 00:00:00+00:00,-0.0021548548236028408
2022-06-30 00:00:00+00:00,-0.01
2022-07-01 00:00:00+00:00,0.0
2022-07-03 00:00:00+00:00,0.0
2022-07-04 00:00:00+00:00,-0.013057608243130372
2022-07-05 00:00:00+00:00,0.017694136291600566
2022-07-06 00:00:00+00:00,-0.0004705124329828443
2022-07-07 00:00:00+00:00,0.005706215288082366
2022-07-08 00:00:00+00:00,0.0022893856897673597
2022-07-10 00:00:00+00:00,0.0
2022-07-11 00:00:00+00:00,0.0
2022-07-12 00:00:00+00:00,0.006084757586327123
2022-07-13 00:00:00+00:00,-0.0008691025186236451
2022-07-14 00:00:00+00:00,-0.01000000000000004
2022-07-15 00:00:00+00:00,-0.00022939316832448314
2022-07-17 00:00:00+00:00,0.0
2022-07-18 00:00:00+00:00,0.013336729087496063
2022-07-19 00:00:00+00:00,0.012097139042886498
2022-07-20 00:00:00+00:00,0.006068459797226493
2022-07-21 00:00:00+00:00,-0.00999999999999999
2022-07-22 00:00:00+00:00,0.009850647589340244
2022-07-24 00:00:00+00:00,0.0
2022-07-25 00:00:00+00:00,0.004556151325588387
2022-07-26 00:00:00+00:00,0.006654512706745402
2022-07-27 00:00:00+00:00,0.023185825985693027
2022-07-28 00:00:00+00:00,0.0022292275574112594
2022-07-29 00:00:00+00:00,0.007741306035715875
2022-07-31 00:00:00+00:00,0.0
2022-08-01 00:00:00+00:00,-0.010000000000000018
2022-08-02 00:00:00+00:00,-0.0004795495425041188
2022-08-03 00:00:00+00:00,0.01046061740673566
2022-08-04 00:00:00+00:00,-0.00340005354274498
2022-08-05 00:00:00+00:00,-0.003798884628790576
2022-08-07 00:00:00+00:00,0.0
2022-08-08 00:00:00+00:00,0.0009694837756248467
2022-08-09 00:00:00+00:00,-0.003849171020140744
2022-08-10 00:00:00+00:00,0.0016469237209512833
2022-08-11 00:00:00+00:00,-0.010000000000000047
2022-08-12 00:00:00+00:00,0.010101448953286763
2022-08-14 00:00:00+00:00,0.0
2022-08-15 00:00:00+00:00,0.003059242473292348
2022-08-16 00:00:00+00:00,-0.009999999999999946
2022-08-17 00:00:00+00:00,-0.00224351561209311
2022-08-18 00:00:00+00:00,0.003283566742756149
2022-08-19 00:00:00+00:00,0.0013259127337488252
2022-08-21 00:00:00+00:00,0.0
2022-08-22 00:00:00+00:00,0.011578384764690855
2022-08-23 00:00:00+00:00,-0.00642180186080561
2022-08-24 00:00:00+00:00,0.0025778370030885263
2022-08-25 00:00:00+00:00,0.0061734680590639435
2022-08-26 00:00:00+00:00,0.014681141633276803
2022-08-28 00:00:00+00:00,0.0
2022-08-29 00:00:00+00:00,-0.005626157302006595
2022-08-30 00:00:00+00:00,0.005855691835952328
2022-08-31 00:00:00+00:00,0.0006672290172922388
2022-09-01 00:00:00+00:00,-0.0059535163075130435
2022-09-02 00:00:00+00:00,-0.010000000000000023
2022-09-04 00:00:00+00:00,0.0
2022-09-05 00:00:00+00:00,0.0006656425015556125
2022-09-06 00:00:00+00:00,-0.020665642501555476
2022-09-07 00:00:00+00:00,0.0077020370340265066
2022-09-08 00:00:00+00:00,-0.0029260918408388365
2022-09-09 00:00:00+00:00,0.007747647562018958
2022-09-11 00:00:00+00:00,0.0
2022-09-12 00:00:00+00:00,-0.00036771555739566815
2022-09-13 00:00:00+00:00,0.00888612594516818
2022-09-14 00:00:00+00:00,-0.0032848143701370964
2022-09-15 00:00:00+00:00,0.0016010207553589894
2022-09-16 00:00:00+00:00,0.0038070996147495685
2022-09-18 00:00:00+00:00,0.0
2022-09-19 00:00:00+00:00,0.0032499780335647366
2022-09-20 00:00:00+00:00,-3.4186364524238046e-05
2022-09-21 00:00:00+00:00,-0.009999999999999974
2022-09-22 00:00:00+00:00,-0.004347347030336583
2022-09-23 00:00:00+00:00,-0.0023885648601474066
2022-09-25 00:00:00+00:00,0.0
2022-09-26 00:00:00+00:00,-0.01
2022-09-27 00:00:00+00:00,0.007211504320037883
2022-09-28 00:00:00+00:00,0.007547470784936892
2022-09-29 00:00:00+00:00,-0.0013637035504182428
2022-09-30 00:00:00+00:00,-0.007469898153436179
2022-10-02 00:00:00+00:00,0.0
2022-10-03 00:00:00+00:00,0.010215864874425298
2022-10-04 00:00:00+00:00,-0.00999999999999993
2022-10-05 00:00:00+00:00,-0.010000000000000057
2022-10-06 00:00:00+00:00,-0.0009873308116483475
2022-10-07 00:00:00+00:00,0.005069075706974823
2022-10-09 00:00:00+00:00,0.0
2022-10-10 00:00:00+00:00,-0.0013793905324247142
2022-10-11 00:00:00+00:00,-0.01
2022-10-12 00:00:00+00:00,0.0
2022-10-13 00:00:00+00:00,0.012700212844715935
2022-10-14 00:00:00+00:00,0.004744401330376886
2022-10-16 00:00:00+00:00,0.0
2022-10-17 00:00:00+00:00,1.5810688720453097e-05
2022-10-18 00:00:00+00:00,0.0034568397231970692
2022-10-19 00:00:00+00:00,-0.01
2022-10-20 00:00:00+00:00,-0.00999999999999999
2022-10-21 00:00:00+00:00,0.007652542372881337
2022-10-23 00:00:00+00:00,0.0
2022-10-24 00:00:00+00:00,-0.010000000000000024
2022-10-25 00:00:00+00:00,0.002555632823365735
2022-10-26 00:00:00+00:00,-0.00472706133495984
2022-10-27 00:00:00+00:00,-0.00041498712075032046
2022-10-28 00:00:00+00:00,0.008040694167324067
2022-10-30 00:00:00+00:00,0.0
2022-10-31 00:00:00+00:00,-0.00664035826200834
2022-11-01 00:00:00+00:00,0.004213864470902423
2022-11-02 00:00:00+00:00,-0.010000000000000071
2022-11-03 00:00:00+00:00,-0.0049604336472264705
2022-11-04 00:00:00+00:00,-0.004583987619762869
2022-11-06 00:00:00+00:00,0.0
2022-11-07 00:00:00+00:00,0.0019055409907156606
2022-11-08 00:00:00+00:00,-0.009999999999999938
2022-11-09 00:00:00+00:00,0.005437792497121639
2022-11-10 00:00:00+00:00,0.003733438131596678
2022-11-11 00:00:00+00:00,0.008546984848213845
2022-11-13 00:00:00+00:00,0.0
2022-11-14 00:00:00+00:00,-0.0004526346792329794
2022-11-15 00:00:00+00:00,-0.0038229338058473833
2022-11-16 00:00:00+00:00,-0.00017881272791220044
2022-11-17 00:00:00+00:00,0.0001293166520339756
2022-11-18 00:00:00+00:00,-0.002680131486057123
2022-11-20 00:00:00+00:00,0.0
2022-11-21 00:00:00+00:00,0.003027948620258048
2022-11-22 00:00:00+00:00,0.005905754550792654
2022-11-23 00:00:00+00:00,0.00018976963156930315
2022-11-24 00:00:00+00:00,-0.0005302658343274024
2022-11-25 00:00:00+00:00,-0.013552838291409283
2022-11-27 00:00:00+00:00,-0.005916895874263515
2022-11-28 00:00:00+00:00,0.007019556807870482
2022-11-29 00:00:00+00:00,7.581037048196017e-05
2022-11-30 00:00:00+00:00,-0.010000000000000057
2022-12-01 00:00:00+00:00,-0.005851350130949108
2022-12-02 00:00:00+00:00,0.0020537964353332435
2022-12-04 00:00:00+00:00,0.0
2022-12-05 00:00:00+00:00,0.012229293313070044
2022-12-06 00:00:00+00:00,0.005418588663177278
2022-12-07 00:00:00+00:00,0.0
2022-12-08 00:00:00+00:00,0.00021130464049818468
2022-12-09 00:00:00+00:00,-0.004464279347270609
2022-12-11 00:00:00+00:00,0.0
2022-12-12 00:00:00+00:00,0.006394675337872079
2022-12-13 00:00:00+00:00,0.004990359077117944
2022-12-14 00:00:00+00:00,-0.01
2022-12-15 00:00:00+00:00,0.007102848951800739
2022-12-16 00:00:00+00:00,-2.7046893848000172e-05
2022-12-18 00:00:00+00:00,0.0
2022-12-19 00:00:00+00:00,0.007089898897895946
2022-12-20 00:00:00+00:00,0.001007875574718989
2022-12-21 00:00:00+00:00,0.003833223788310302
2022-12-22 00:00:00+00:00,0.002415725602561808
2022-12-23 00:00:00+00:00,-0.0006317434708077251
2022-12-26 00:00:00+00:00,0.0
2022-12-27 00:00:00+00:00,0.0
2022-12-28 00:00:00+00:00,0.0040038929961784195
2022-12-29 00:00:00+00:00,0.005745080589340284
2022-12-30 00:00:00+00:00,0.0004490518229532635
2023-01-02 00:00:00+00:00,0.0
2023-01-03 00:00:00+00:00,0.0006576211839368981
2023-01-04 00:00:00+00:00,-0.010000000000000049
2023-01-05 00:00:00+00:00,0.0
2023-01-06 00:00:00+00:00,0.005266093876476212
2023-01-08 00:00:00+00:00,0.0
2023-01-09 00:00:00+00:00,-0.009999999999999957
2023-01-10 00:00:00+00:00,-0.0007723959557958791
2023-01-11 00:00:00+00:00,0.0052496256284094815
2023-01-12 00:00:00+00:00,-0.0010221758183583147
2023-01-13 00:00:00+00:00,0.007918396008887638
2023-01-15 00:00:00+00:00,0.0
2023-01-16 00:00:00+00:00,-0.0005999020568069805
2023-01-17 00:00:00+00:00,-0.012610529597869442
2023-01-18 00:00:00+00:00,0.008654756903334154
2023-01-19 00:00:00+00:00,-0.003944948602634046
2023-01-20 00:00:00+00:00,0.015455601002770799
2023-01-22 00:00:00+00:00,0.0
2023-01-23 00:00:00+00:00,0.004738394659214467
2023-01-24 00:00:00+00:00,0.0
2023-01-25 00:00:00+00:00,0.0079644626778198
2023-01-26 00:00:00+00:00,-0.007849565477974184
2023-01-27 00:00:00+00:00,0.008320073439412698
2023-01-29 00:00:00+00:00,0.0
2023-01-30 00:00:00+00:00,0.005135684689753867
2023-01-31 00:00:00+00:00,0.0029038335874537343
2023-02-01 00:00:00+00:00,-0.009999999999999929
2023-02-02 00:00:00+00:00,-0.0021608980355472913
2023-02-03 00:00:00+00:00,-0.006347057621577394
2023-02-05 00:00:00+00:00,0.0
2023-02-06 00:00:00+00:00,-0.0015929622907844187
2023-02-07 00:00:00+00:00,0.015375217371917816
2023-02-08 00:00:00+00:00,0.00455525655478381
2023-02-09 00:00:00+00:00,0.014377392295789633
2023-02-10 00:00:00+00:00,-0.0028618627082549926
2023-02-12 00:00:00+00:00,0.0
2023-02-13 00:00:00+00:00,0.0038196190742292055
2023-02-14 00:00:00+00:00,0.000131087607888749
2023-02-15 00:00:00+00:00,0.002659466889980791
2023-02-16 00:00:00+00:00,-0.007081927932909438
2023-02-17 00:00:00+00:00,-0.004849366623829599
2023-02-19 00:00:00+00:00,0.0
2023-02-20 00:00:00+00:00,-0.0013076825154352493
2023-02-21 00:00:00+00:00,0.05739322767487882
2023-02-22 00:00:00+00:00,-0.01
2023-02-23 00:00:00+00:00,-0.003957486788021108
2023-02-24 00:00:00+00:00,-0.001130223888976148
2023-02-26 00:00:00+00:00,0.0
2023-02-27 00:00:00+00:00,-0.010000000000000078
2023-02-28 00:00:00+00:00,-0.002182864535700793
2023-03-01 00:00:00+00:00,-0.0003027481851607511
2023-03-02 00:00:00+00:00,0.014777134986225918
2023-03-03 00:00:00+00:00,0.007353455464987964
2023-03-05 00:00:00+00:00,0.0
2023-03-06 00:00:00+00:00,-0.01
2023-03-07 00:00:00+00:00,-0.01000000000000005
2023-03-08 00:00:00+00:00,0.000319465922377711
2023-03-09 00:00:00+00:00,-0.009999999999999981
2023-03-10 00:00:00+00:00,-0.008094343922788792
2023-03-12 00:00:00+00:00,0.0
2023-03-13 00:00:00+00:00,0.0015988514463560624
2023-03-14 00:00:00+00:00,-0.0029815781622912012
2023-03-15 00:00:00+00:00,-0.010000000000000024
2023-03-16 00:00:00+00:00,0.016166137939137643
2023-03-17 00:00:00+00:00,0.0018685162185855992
2023-03-19 00:00:00+00:00,0.0
2023-03-20 00:00:00+00:00,0.0015062659887956937
2023-03-21 00:00:00+00:00,-0.009999999999999934
2023-03-22 00:00:00+00:00,-0.010000000000000066
2023-03-23 00:00:00+00:00,-0.01
2023-03-24 00:00:00+00:00,0.0012282789362346345
2023-03-26 00:00:00+00:00,0.0
2023-03-27 00:00:00+00:00,0.005732060749616809
2023-03-28 00:00:00+00:00,-0.0040842288043887775
2023-03-29 00:00:00+00:00,-0.009999999999999938
2023-03-30 00:00:00+00:00,-0.0009606877136537275
2023-03-31 00:00:00+00:00,0.007068583139159444
2023-04-02 00:00:00+00:00,0.0
2023-04-03 00:00:00+00:00,-0.006849261653794848
2023-04-04 00:00:00+00:00,-0.010000000000000031
2023-04-05 00:00:00+00:00,0.004122043550004864
2023-04-06 00:00:00+00:00,0.013040106103855037
2023-04-07 00:00:00+00:00,0.0
2023-04-09 00:00:00+00:00,0.0
2023-04-10 00:00:00+00:00,0.0057896309233809295
2023-04-11 00:00:00+00:00,-0.00032103332130409794
2023-04-12 00:00:00+00:00,0.001707958292487376
2023-04-13 00:00:00+00:00,0.008495246071235198
2023-04-14 00:00:00+00:00,-0.003653675441292047
2023-04-16 00:00:00+00:00,0.0
2023-04-17 00:00:00+00:00,-0.004596154769334083
2023-04-18 00:00:00+00:00,0.00365239601070302
2023-04-19 00:00:00+00:00,0.004770077402919906
2023-04-20 00:00:00+00:00,-0.01
2023-04-21 00:00:00+00:00,-0.0009500526870390634
2023-04-23 00:00:00+00:00,0.0
2023-04-24 00:00:00+00:00,-0.0035210223874775856
2023-04-25 00:00:00+00:00,0.014885717276756161
2023-04-26 00:00:00+00:00,-0.007233204518430449
2023-04-27 00:00:00+00:00,0.013525009355120264
2023-04-28 00:00:00+00:00,0.0028527133811292755
2023-04-30 00:00:00+00:00,0.0
2023-05-01 00:00:00+00:00,-0.0038506775385698535
2023-05-02 00:00:00+00:00,0.0067487220877050415
2023-05-03 00:00:00+00:00,-0.00999999999999995
2023-05-04 00:00:00+00:00,-0.010000000000000073
2023-05-05 00:00:00+00:00,0.01065636094674572
2023-05-07 00:00:00+00:00,0.0
2023-05-08 00:00:00+00:00,0.0033806883427934683
2023-05-09 00:00:00+00:00,0.001806131062001342
2023-05-10 00:00:00+00:00,-0.009999999999999962
2023-05-11 00:00:00+00:00,0.00041446428166324505
2023-05-12 00:00:00+00:00,0.005719545872967106
2023-05-14 00:00:00+00:00,0.0
2023-05-15 00:00:00+00:00,-0.010000000000000118
2023-05-16 00:00:00+00:00,7.771753162944403e-05
2023-05-17 00:00:00+00:00,0.010820431957186398
2023-05-18 00:00:00+00:00,0.019124153239694953
2023-05-19 00:00:00+00:00,0.0016435496325104524
2023-05-21 00:00:00+00:00,0.0
2023-05-22 00:00:00+00:00,0.0
2023-05-23 00:00:00+00:00,0.003559759696458697
2023-05-24 00:00:00+00:00,-0.010000000000000096
2023-05-25 00:00:00+00:00,0.0022649606221891105
2023-05-26 00:00:00+00:00,0.018302102741548906
2023-05-28 00:00:00+00:00,0.0
2023-05-29 00:00:00+00:00,0.0016299972237647853
2023-05-30 00:00:00+00:00,-0.011629997223764786
2023-05-31 00:00:00+00:00,-0.0019115361794705278
2023-06-01 00:00:00+00:00,0.0119094258852855
2023-06-02 00:00:00+00:00,0.0
2023-06-04 00:00:00+00:00,0.0
2023-06-05 00:00:00+00:00,-0.009999999999999933
2023-06-06 00:00:00+00:00,0.0015070188580921995
2023-06-07 00:00:00+00:00,0.020360420268652875
2023-06-08 00:00:00+00:00,0.008061534414311152
2023-06-09 00:00:00+00:00,-0.0011466430173719148
2023-06-11 00:00:00+00:00,0.0
2023-06-12 00:00:00+00:00,0.010293741517903798
2023-06-13 00:00:00+00:00,-0.005464257863270154
2023-06-14 00:00:00+00:00,-0.009999999999999905
2023-06-15 00:00:00+00:00,0.011877683104883598
2023-06-16 00:00:00+00:00,0.002066455912119993
2023-06-18 00:00:00+00:00,0.0
2023-06-19 00:00:00+00:00,-0.004761331357293005
2023-06-20 00:00:00+00:00,-0.01523866864270692
2023-06-21 00:00:00+00:00,0.004813810665068925
2023-06-22 00:00:00+00:00,0.0051468711752297005
2023-06-23 00:00:00+00:00,-0.0019928384031766824
2023-06-25 00:00:00+00:00,0.0
2023-06-26 00:00:00+00:00,-0.009999999999999922
2023-06-27 00:00:00+00:00,0.008455659357897344
2023-06-28 00:00:00+00:00,-0.0031281432534224093
2023-06-29 00:00:00+00:00,-0.00025739840989398566
2023-06-30 00:00:00+00:00,0.0008867708270494955
2023-07-02 00:00:00+00:00,0.0
2023-07-03 00:00:00+00:00,-0.0016360019890601881
2023-07-04 00:00:00+00:00,-0.0006091496767779176
2023-07-05 00:00:00+00:00,-0.0177548483341619
2023-07-06 00:00:00+00:00,-0.007182278285394165
2023-07-07 00:00:00+00:00,-0.0036284240784578577
2023-07-09 00:00:00+00:00,0.0
2023-07-10 00:00:00+00:00,-0.0054064499394777315
2023-07-11 00:00:00+00:00,-0.010000000000000056
2023-07-12 00:00:00+00:00,-0.010000000000000023
2023-07-13 00:00:00+00:00,0.008263511565500986
2023-07-14 00:00:00+00:00,-0.010000000000000056
2023-07-16 00:00:00+00:00,0.0
2023-07-17 00:00:00+00:00,0.0052493257746711285
2023-07-18 00:00:00+00:00,0.013133467017977588
2023-07-19 00:00:00+00:00,-0.010000000000000064
2023-07-20 00:00:00+00:00,0.019159157599522463
2023-07-21 00:00:00+00:00,0.0007106069634799684
2023-07-23 00:00:00+00:00,0.0
2023-07-24 00:00:00+00:00,0.0
2023-07-25 00:00:00+00:00,0.0007193691094440777
2023-07-26 00:00:00+00:00,-0.009999999999999952
2023-07-27 00:00:00+00:00,0.019609384418778315
2023-07-28 00:00:00+00:00,5.262718235744911e-05
2023-07-30 00:00:00+00:00,0.0
2023-07-31 00:00:00+00:00,0.0
2023-08-01 00:00:00+00:00,-0.006907717375203735
2023-08-02 00:00:00+00:00,0.0049543812104786795
2023-08-03 00:00:00+00:00,-0.0017052599661677278
2023-08-04 00:00:00+00:00,-0.01000372711067893
2023-08-06 00:00:00+00:00,0.0
2023-08-07 00:00:00+00:00,-0.006390270918070851
2023-08-08 00:00:00+00:00,-0.00692053936378173
2023-08-09 00:00:00+00:00,-0.0011974965229486678
2023-08-10 00:00:00+00:00,0.0020940373977669656
2023-08-11 00:00:00+00:00,-0.0018834115288883322
2023-08-13 00:00:00+00:00,0.0
2023-08-14 00:00:00+00:00,0.007439383070301294
2023-08-15 00:00:00+00:00,0.004259985936897693
2023-08-16 00:00:00+00:00,-0.009999999999999934
2023-08-17 00:00:00+00:00,0.013565834921390994
2023-08-18 00:00:00+00:00,0.0047029508325633585
2023-08-20 00:00:00+00:00,0.0
2023-08-21 00:00:00+00:00,-0.009999999999999967
2023-08-22 00:00:00+00:00,0.005016773406526383
2023-08-23 00:00:00+00:00,0.006858029318674026
2023-08-24 00:00:00+00:00,0.018690045390842493
2023-08-25 00:00:00+00:00,-0.010000000000000023
2023-08-27 00:00:00+00:00,0.0
2023-08-28 00:00:00+00:00,-0.004497977814697423
2023-08-29 00:00:00+00:00,0.015559422750424618
2023-08-30 00:00:00+00:00,-0.010000000000000023
2023-08-31 00:00:00+00:00,0.00044473520921583804
2023-09-01 00:00:00+00:00,-0.0008096500530222876
2023-09-03 00:00:00+00:00,0.0
2023-09-04 00:00:00+00:00,0.004099338204880313
2023-09-05 00:00:00+00:00,-0.014099338204880314
2023-09-06 00:00:00+00:00,0.0013215251102575453
2023-09-07 00:00:00+00:00,0.0013327467886678024
2023-09-08 00:00:00+00:00,-0.010000000000000023
2023-09-10 00:00:00+00:00,0.0
2023-09-11 00:00:00+00:00,-0.009999999999999915
2023-09-12 00:00:00+00:00,0.007824255876159408
2023-09-13 00:00:00+00:00,-0.004368594662292089
2023-09-14 00:00:00+00:00,0.002746593656142444
2023-09-15 00:00:00+00:00,0.0089936391968528
2023-09-17 00:00:00+00:00,0.0
2023-09-18 00:00:00+00:00,-0.003808669441653442
2023-09-19 00:00:00+00:00,-0.01
2023-09-20 00:00:00+00:00,0.0229519206400925
2023-09-21 00:00:00+00:00,0.002113064647011069
2023-09-22 00:00:00+00:00,-0.0059051749060423046
2023-09-24 00:00:00+00:00,0.0
2023-09-25 00:00:00+00:00,-0.00026542917947503886
2023-09-26 00:00:00+00:00,0.004054888855131911
2023-09-27 00:00:00+00:00,-0.0002956989247312803
2023-09-28 00:00:00+00:00,0.007531413995693172
2023-09-29 00:00:00+00:00,0.006192377387044763
2023-10-01 00:00:00+00:00,0.0
2023-10-02 00:00:00+00:00,-0.0029103748146150706
2023-10-03 00:00:00+00:00,0.008093854927250507
2023-10-04 00:00:00+00:00,-0.010000000000000033
2023-10-05 00:00:00+00:00,-0.005568106375310517
2023-10-06 00:00:00+00:00,0.011914191419141991
2023-10-08 00:00:00+00:00,0.0
2023-10-09 00:00:00+00:00,0.006422923542354226
2023-10-10 00:00:00+00:00,0.0021613793480340414
2023-10-11 00:00:00+00:00,-0.00621842318180441
2023-10-12 00:00:00+00:00,-0.009999999999999929
2023-10-13 00:00:00+00:00,0.01607351584127965
2023-10-15 00:00:00+00:00,0.0
2023-10-16 00:00:00+00:00,0.0011192713157778613
2023-10-17 00:00:00+00:00,0.003640050754520469
2023-10-18 00:00:00+00:00,0.005907208450873233
2023-10-19 00:00:00+00:00,0.008904112104905394
2023-10-20 00:00:00+00:00,0.008285184613007885
2023-10-22 00:00:00+00:00,0.0
2023-10-23 00:00:00+00:00,0.004282755532335701
2023-10-24 00:00:00+00:00,-0.01
2023-10-25 00:00:00+00:00,0.005002056766762707
2023-10-26 00:00:00+00:00,0.006876322333989152
2023-10-27 00:00:00+00:00,0.0039361057344517
2023-10-29 00:00:00+00:00,0.0
2023-10-30 00:00:00+00:00,-0.00999999999999998
2023-10-31 00:00:00+00:00,0.0026299562629956
2023-11-01 00:00:00+00:00,0.007918007662835104
2023-11-02 00:00:00+00:00,-0.009999999999999924
2023-11-03 00:00:00+00:00,0.0026738862909180005
2023-11-05 00:00:00+00:00,0.0
2023-11-06 00:00:00+00:00,-0.002315719360568599
2023-11-07 00:00:00+00:00,0.0054035748343398615
2023-11-08 00:00:00+00:00,-0.003450502738494379
2023-11-09 00:00:00+00:00,0.012851471345879939
2023-11-10 00:00:00+00:00,0.011771303976442745
2023-11-12 00:00:00+00:00,0.0
2023-11-13 00:00:00+00:00,0.0001747686885005894
2023-11-14 00:00:00+00:00,0.0013425474914759508
2023-11-15 00:00:00+00:00,0.0003617255994890674
2023-11-16 00:00:00+00:00,-0.006116036395257595
2023-11-17 00:00:00+00:00,-0.001203785535424814
2023-11-19 00:00:00+00:00,0.0
2023-11-20 00:00:00+00:00,0.008552241729719034
2023-11-21 00:00:00+00:00,-0.00557654328852651
2023-11-22 00:00:00+00:00,0.0
2023-11-23 00:00:00+00:00,-0.002493972676131585
2023-11-24 00:00:00+00:00,-0.009644916212757308
2023-11-26 00:00:00+00:00,0.002053990610328621
2023-11-27 00:00:00+00:00,-0.009915101721439997
2023-11-28 00:00:00+00:00,-0.00235266753888653
2023-11-29 00:00:00+00:00,0.008816674137158158
2023-11-30 00:00:00+00:00,-0.001490048470810304
2023-12-01 00:00:00+00:00,0.002811061387919385
2023-12-03 00:00:00+00:00,0.0
2023-12-04 00:00:00+00:00,-0.00909972670928695
2023-12-05 00:00:00+00:00,-0.0013899489576873166
2023-12-06 00:00:00+00:00,0.004306748599000445
2023-12-07 00:00:00+00:00,0.003418986861452384
2023-12-08 00:00:00+00:00,0.0019662849756968224
2023-12-10 00:00:00+00:00,0.0
2023-12-11 00:00:00+00:00,0.006282637075718226
2023-12-12 00:00:00+00:00,0.00597290914761848
2023-12-13 00:00:00+00:00,-0.01
2023-12-14 00:00:00+00:00,0.005115087214529702
2023-12-15 00:00:00+00:00,-0.0031956639987570645
2023-12-17 00:00:00+00:00,0.0
2023-12-18 00:00:00+00:00,0.006197980362695809
2023-12-19 00:00:00+00:00,-0.00035046501830909133
2023-12-20 00:00:00+00:00,-0.010000000000000278
2023-12-21 00:00:00+00:00,-0.004686127038498943
2023-12-22 00:00:00+00:00,0.0001948051948052741
2023-12-25 00:00:00+00:00,0.0
2023-12-26 00:00:00+00:00,0.005669914738124368
2023-12-27 00:00:00+00:00,-0.01
2023-12-28 00:00:00+00:00,-0.0008323522486462781
2023-12-29 00:00:00+00:00,0.002113136104523261
2024-01-01 00:00:00+00:00,0.0
2024-01-02 00:00:00+00:00,0.004441067315075728
2024-01-03 00:00:00+00:00,0.0018844474302988704
2024-01-04 00:00:00+00:00,-0.0030980004094724634
2024-01-05 00:00:00+00:00,-0.009999999999999943
2024-01-07 00:00:00+00:00,0.0
2024-01-08 00:00:00+00:00,0.01363798900571074
2024-01-09 00:00:00+00:00,0.006983502754273349
2024-01-10 00:00:00+00:00,0.0031680144020778027
2024-01-11 00:00:00+00:00,-0.005454106925520301
2024-01-12 00:00:00+00:00,-0.0001636883488206517
2024-01-14 00:00:00+00:00,0.0
2024-01-15 00:00:00+00:00,-0.006837110696077151
2024-01-16 00:00:00+00:00,-0.006878245403014346
2024-01-17 00:00:00+00:00,0.0
2024-01-18 00:00:00+00:00,0.0026194737600031214
2024-01-19 00:00:00+00:00,0.018761692065160745
2024-01-21 00:00:00+00:00,0.0
2024-01-22 00:00:00+00:00,0.0013746999199788492
2024-01-23 00:00:00+00:00,0.0013137655539739005
2024-01-24 00:00:00+00:00,-0.009999999999999839
2024-01-25 00:00:00+00:00,-0.010000000000000122
2024-01-26 00:00:00+00:00,-0.004134968160924315
2024-01-28 00:00:00+00:00,0.0
2024-01-29 00:00:00+00:00,0.010450637078237169
2024-01-30 00:00:00+00:00,0.008220626333435021
2024-01-31 00:00:00+00:00,-0.010000000000000129
2024-02-01 00:00:00+00:00,0.007304863370926657
2024-02-02 00:00:00+00:00,0.004586661314212313
2024-02-04 00:00:00+00:00,0.0
2024-02-05 00:00:00+00:00,-0.004247852503666512
2024-02-06 00:00:00+00:00,0.0017553047526248412
2024-02-07 00:00:00+00:00,0.003416416093039623
2024-02-08 00:00:00+00:00,0.00028051578709234606
2024-02-09 00:00:00+00:00,0.0065399826101588876
2024-02-11 00:00:00+00:00,0.0
2024-02-12 00:00:00+00:00,-0.010000000000000156
2024-02-13 00:00:00+00:00,-0.005763817792156355
2024-02-14 00:00:00+00:00,-0.01
2024-02-15 00:00:00+00:00,-0.005945163905068877
2024-02-16 00:00:00+00:00,0.0
2024-02-18 00:00:00+00:00,0.0
2024-02-19 00:00:00+00:00,0.007030070294194874
2024-02-20 00:00:00+00:00,0.04072019005467066
2024-02-21 00:00:00+00:00,-0.009999999999999962
2024-02-22 00:00:00+00:00,0.005761965092751992
2024-02-23 00:00:00+00:00,0.004475587703435864
2024-02-25 00:00:00+00:00,0.0
2024-02-26 00:00:00+00:00,0.0
2024-02-27 00:00:00+00:00,-0.005615922894111372
2024-02-28 00:00:00+00:00,-0.004213111976961012
2024-02-29 00:00:00+00:00,-0.004819653846919763
2024-03-01 00:00:00+00:00,0.016783567134268224
2024-03-03 00:00:00+00:00,0.0
2024-03-04 00:00:00+00:00,-0.0006338990773433697
2024-03-05 00:00:00+00:00,0.009520378293177473
2024-03-06 00:00:00+00:00,-0.010000000000000078
2024-03-07 00:00:00+00:00,0.007263653182887457
2024-03-08 00:00:00+00:00,-0.009999999999999941
2024-03-10 00:00:00+00:00,0.0
2024-03-11 00:00:00+00:00,-0.0013393453078417129
2024-03-12 00:00:00+00:00,0.004310452887423671
2024-03-13 00:00:00+00:00,-0.0006210483377524196
2024-03-14 00:00:00+00:00,0.0
2024-03-15 00:00:00+00:00,-0.00035192130007054913
2024-03-17 00:00:00+00:00,0.0
2024-03-18 00:00:00+00:00,-0.01000000000000008
2024-03-19 00:00:00+00:00,0.005500609078857795
2024-03-20 00:00:00+00:00,0.007474090142202884
2024-03-21 00:00:00+00:00,0.0022733669086059853
2024-03-22 00:00:00+00:00,0.002891334730957191
2024-03-24 00:00:00+00:00,0.0
2024-03-25 00:00:00+00:00,0.0029612097959586803
2024-03-26 00:00:00+00:00,0.0078029939950944975
2024-03-27 00:00:00+00:00,-0.00771087526136078
2024-03-28 00:00:00+00:00,-0.004314782953943522
2024-03-31 00:00:00+00:00,0.0
2024-04-01 00:00:00+00:00,0.00013976902021080003
2024-04-02 00:00:00+00:00,-0.00859757715094157
2024-04-03 00:00:00+00:00,-0.0009386512894439673
2024-04-04 00:00:00+00:00,0.03997470147743414
2024-04-05 00:00:00+00:00,0.0030466622384590896
2024-04-07 00:00:00+00:00,0.0
2024-04-08 00:00:00+00:00,-0.003429508413939182
2024-04-09 00:00:00+00:00,-0.0027552446094173113
2024-04-10 00:00:00+00:00,0.0
2024-04-11 00:00:00+00:00,-0.009999999999999907
2024-04-12 00:00:00+00:00,0.0066274577231167425
2024-04-14 00:00:00+00:00,0.0
2024-04-15 00:00:00+00:00,0.024379016251694856
2024-04-16 00:00:00+00:00,-0.00040396268154274537
2024-04-17 00:00:00+00:00,0.011431520532741353
2024-04-18 00:00:00+00:00,-0.01000000000000007
2024-04-19 00:00:00+00:00,0.016305079453195464
2024-04-21 00:00:00+00:00,0.0
2024-04-22 00:00:00+00:00,-0.010000000000000116
2024-04-23 00:00:00+00:00,0.004169167748215247
2024-04-24 00:00:00+00:00,0.0024556889083178495
2024-04-25 00:00:00+00:00,0.00748638213335883
2024-04-26 00:00:00+00:00,0.0013295779283929202
2024-04-28 00:00:00+00:00,0.0
2024-04-29 00:00:00+00:00,0.0
2024-04-30 00:00:00+00:00,0.004278224988161959
2024-05-01 00:00:00+00:00,-0.009999999999999872
2024-05-02 00:00:00+00:00,-0.009999999999999967
2024-05-03 00:00:00+00:00,-0.004116946460980055
2024-05-05 00:00:00+00:00,0.0
2024-05-06 00:00:00+00:00,0.004562743823146639
2024-05-07 00:00:00+00:00,-0.0059638469341750915
2024-05-08 00:00:00+00:00,-0.001575526428878623
2024-05-09 00:00:00+00:00,-0.0009959716627306989
2024-05-10 00:00:00+00:00,-0.0018492083758936933
2024-05-12 00:00:00+00:00,0.0
2024-05-13 00:00:00+00:00,0.0
2024-05-14 00:00:00+00:00,0.004148919511431396
2024-05-15 00:00:00+00:00,0.011712574326688008
2024-05-16 00:00:00+00:00,-0.009318694770667066
2024-05-17 00:00:00+00:00,-0.01
2024-05-19 00:00:00+00:00,0.0
2024-05-20 00:00:00+00:00,0.000392512853470607
2024-05-21 00:00:00+00:00,0.006688063370663806
2024-05-22 00:00:00+00:00,-0.010000000000000071
2024-05-23 00:00:00+00:00,0.007396211433756741
2024-05-24 00:00:00+00:00,0.006152887087976254
2024-05-26 00:00:00+00:00,0.0
2024-05-27 00:00:00+00:00,-0.00028925619834715613
2024-05-28 00:00:00+00:00,-0.01971074380165258
2024-05-29 00:00:00+00:00,-0.001332767402376998
2024-05-30 00:00:00+00:00,0.004386496566924011
2024-05-31 00:00:00+00:00,0.0005974940268836078
2024-06-02 00:00:00+00:00,0.0
2024-06-03 00:00:00+00:00,0.0052214687635260175
2024-06-04 00:00:00+00:00,0.0021623543353743962
2024-06-05 00:00:00+00:00,0.01235091007744299
2024-06-06 00:00:00+00:00,0.0
2024-06-07 00:00:00+00:00,-0.002354133796150264
2024-06-09 00:00:00+00:00,0.0
2024-06-10 00:00:00+00:00,0.007329123449923085
2024-06-11 00:00:00+00:00,0.009387595382508383
2024-06-12 00:00:00+00:00,-0.003794255306752397
2024-06-13 00:00:00+00:00,-0.0016345351974491767
2024-06-14 00:00:00+00:00,-0.00027754213845752033
2024-06-16 00:00:00+00:00,0.0
2024-06-17 00:00:00+00:00,0.02410476113491267
2024-06-18 00:00:00+00:00,-0.002049141577506715
2024-06-19 00:00:00+00:00,-0.001913360390954724
2024-06-20 00:00:00+00:00,0.0012321965782554935
2024-06-21 00:00:00+00:00,-0.003723379552842741
2024-06-23 00:00:00+00:00,0.0
2024-06-24 00:00:00+00:00,-0.009999999999999966
2024-06-25 00:00:00+00:00,0.006216807462645368
2024-06-26 00:00:00+00:00,-0.0021543895055498243
2024-06-27 00:00:00+00:00,-0.010000000000000038
2024-06-28 00:00:00+00:00,-0.01
2024-06-30 00:00:00+00:00,0.0
2024-07-01 00:00:00+00:00,-0.01
2024-07-02 00:00:00+00:00,0.006946856042718583
2024-07-03 00:00:00+00:00,0.012534244490441982
2024-07-04 00:00:00+00:00,-0.0011761840983806925
2024-07-05 00:00:00+00:00,0.025853677097284287
2024-07-07 00:00:00+00:00,0.0
2024-07-08 00:00:00+00:00,-0.0026012377426738527
2024-07-09 00:00:00+00:00,0.003284846689379424
2024-07-10 00:00:00+00:00,-0.00999999999999984
2024-07-11 00:00:00+00:00,0.02066296685165708
2024-07-12 00:00:00+00:00,0.0005045056365335096
2024-07-14 00:00:00+00:00,0.0
2024-07-15 00:00:00+00:00,-0.010000000000000045
2024-07-16 00:00:00+00:00,-0.0058502689778839115
2024-07-17 00:00:00+00:00,0.006139867359616455
2024-07-18 00:00:00+00:00,0.0012304835005626296
2024-07-19 00:00:00+00:00,0.004665097828279376
2024-07-21 00:00:00+00:00,0.0
2024-07-22 00:00:00+00:00,-0.007925705022706574
2024-07-23 00:00:00+00:00,-0.005821171240226819
2024-07-24 00:00:00+00:00,0.01256965944272431
2024-07-25 00:00:00+00:00,-0.009999999999999983
2024-07-26 00:00:00+00:00,2.074930394545746e-05
2024-07-28 00:00:00+00:00,0.0
2024-07-29 00:00:00+00:00,-0.0018730444001964725
2024-07-30 00:00:00+00:00,0.016688549618320534
2024-07-31 00:00:00+00:00,0.00679475010354828
2024-08-01 00:00:00+00:00,0.019657358909022357
2024-08-02 00:00:00+00:00,-0.0033627165699185975
2024-08-04 00:00:00+00:00,0.0
2024-08-05 00:00:00+00:00,-0.0006657452100141487
2024-08-06 00:00:00+00:00,0.003554540408999755
2024-08-07 00:00:00+00:00,0.01590748898678438
2024-08-08 00:00:00+00:00,0.006888105121580715
2024-08-09 00:00:00+00:00,0.0024118320469738
2024-08-11 00:00:00+00:00,0.0
2024-08-12 00:00:00+00:00,-0.005245384639826991
2024-08-13 00:00:00+00:00,0.00730611720493997
2024-08-14 00:00:00+00:00,-0.010000000000000054
2024-08-15 00:00:00+00:00,0.005460339847299277
2024-08-16 00:00:00+00:00,0.002023805150435291
2024-08-18 00:00:00+00:00,0.0
2024-08-19 00:00:00+00:00,0.008399452536904727
2024-08-20 00:00:00+00:00,-0.005425527801407397
2024-08-21 00:00:00+00:00,-0.009999999999999891
2024-08-22 00:00:00+00:00,0.0263398614759974
2024-08-23 00:00:00+00:00,-0.010000000000000125
2024-08-25 00:00:00+00:00,0.0
2024-08-26 00:00:00+00:00,0.006181429563405859
2024-08-27 00:00:00+00:00,0.004165590807862353
2024-08-28 00:00:00+00:00,0.003293984476067155
2024-08-29 00:00:00+00:00,-0.010000000000000042
2024-08-30 00:00:00+00:00,-0.00307450149838642
2024-09-01 00:00:00+00:00,0.0
2024-09-02 00:00:00+00:00,-0.010000000000000165
2024-09-03 00:00:00+00:00,0.017155539884030877
2024-09-04 00:00:00+00:00,-0.0037383991527550732
2024-09-05 00:00:00+00:00,-0.01000000000000004
2024-09-06 00:00:00+00:00,0.008941139089681437
2024-09-08 00:00:00+00:00,0.0
2024-09-09 00:00:00+00:00,-0.010000000000000111
2024-09-10 00:00:00+00:00,-0.008124018573237506
2024-09-11 00:00:00+00:00,-0.010000000000000049
2024-09-12 00:00:00+00:00,0.008587224868736787
2024-09-13 00:00:00+00:00,0.0005793644440886966
2024-09-15 00:00:00+00:00,0.0
2024-09-16 00:00:00+00:00,0.0
2024-09-17 00:00:00+00:00,0.0022050707140393055
2024-09-18 00:00:00+00:00,-0.010000000000000033
2024-09-19 00:00:00+00:00,-0.0015771524412970682
2024-09-20 00:00:00+00:00,-0.006421217343976671
2024-09-22 00:00:00+00:00,0.0
2024-09-23 00:00:00+00:00,-0.0028353431074866443
2024-09-24 00:00:00+00:00,-0.00999999999999993
2024-09-25 00:00:00+00:00,-0.010000000000000172
2024-09-26 00:00:00+00:00,0.004261233987755024
2024-09-27 00:00:00+00:00,0.0051974570484785544
2024-09-29 00:00:00+00:00,0.0
2024-09-30 00:00:00+00:00,-0.0012383808095952622
2024-10-01 00:00:00+00:00,-0.002331186937648953
2024-10-02 00:00:00+00:00,0.001734589579620486
2024-10-03 00:00:00+00:00,0.0
2024-10-04 00:00:00+00:00,-0.007679197127655047
2024-10-06 00:00:00+00:00,0.0
2024-10-07 00:00:00+00:00,-0.009999999999999955
2024-10-08 00:00:00+00:00,0.010019746664739804
2024-10-09 00:00:00+00:00,0.013855343241330441
2024-10-10 00:00:00+00:00,0.00043961995249386154
2024-10-11 00:00:00+00:00,0.0024188894362727107
2024-10-13 00:00:00+00:00,0.0
2024-10-14 00:00:00+00:00,0.0
2024-10-15 00:00:00+00:00,0.02646723033012055
2024-10-16 00:00:00+00:00,-0.0021113529988028568
2024-10-17 00:00:00+00:00,0.0008052854300366307
2024-10-18 00:00:00+00:00,-0.0030055322784037926
2024-10-20 00:00:00+00:00,0.0
2024-10-21 00:00:00+00:00,-0.010000000000000049
2024-10-22 00:00:00+00:00,0.0021784232365145975
2024-10-23 00:00:00+00:00,0.014782142267700988
2024-10-24 00:00:00+00:00,-0.005423141798473642
2024-10-25 00:00:00+00:00,-0.00999999999999987
2024-10-27 00:00:00+00:00,0.0
2024-10-28 00:00:00+00:00,-0.0006669465384125383
2024-10-29 00:00:00+00:00,0.015552655245782476
2024-10-30 00:00:00+00:00,-0.007940906117975738
2024-10-31 00:00:00+00:00,0.002966000341704988
2024-11-01 00:00:00+00:00,-0.0030260036063395465
2024-11-03 00:00:00+00:00,0.0
2024-11-04 00:00:00+00:00,-0.0046950335399374024
2024-11-05 00:00:00+00:00,0.0002745140589638182
2024-11-06 00:00:00+00:00,0.00381269684708408
2024-11-07 00:00:00+00:00,0.008995503302262167
2024-11-08 00:00:00+00:00,-0.009999999999999893
2024-11-10 00:00:00+00:00,0.0
2024-11-11 00:00:00+00:00,-0.0027200930924630934
2024-11-12 00:00:00+00:00,-0.0023355704697989145
2024-11-13 00:00:00+00:00,-0.010000000000000096
2024-11-14 00:00:00+00:00,0.004107954728662071
2024-11-15 00:00:00+00:00,0.011659044111823828
2024-11-17 00:00:00+00:00,0.0
2024-11-18 00:00:00+00:00,0.0026733205833134066
2024-11-19 00:00:00+00:00,0.006718476608896649
2024-11-20 00:00:00+00:00,-0.00999999999999993
2024-11-21 00:00:00+00:00,-0.010000000000000016
2024-11-22 00:00:00+00:00,-0.003162561576354972
2024-11-24 00:00:00+00:00,0.0
2024-11-25 00:00:00+00:00,0.0016955280389784541
2024-11-26 00:00:00+00:00,-0.0018532889285488286
2024-11-27 00:00:00+00:00,0.001376053101863499
2024-11-28 00:00:00+00:00,-0.002208972587799177
2024-11-29 00:00:00+00:00,-0.005549161167284564
2024-12-01 00:00:00+00:00,-0.0012731586082239982
2024-12-02 00:00:00+00:00,0.020254292815182536
2024-12-03 00:00:00+00:00,0.0029309154630413788
2024-12-04 00:00:00+00:00,0.00966669669399152
2024-12-05 00:00:00+00:00,-0.006470556658972698
2024-12-06 00:00:00+00:00,0.0022620584157940367
2024-12-08 00:00:00+00:00,0.0
2024-12-09 00:00:00+00:00,0.010477545214387181
2024-12-10 00:00:00+00:00,-0.00999999999999995
2024-12-11 00:00:00+00:00,0.005584949573312379
2024-12-12 00:00:00+00:00,-0.001408778843532479
2024-12-13 00:00:00+00:00,-0.004642690940228182
2024-12-15 00:00:00+00:00,0.0
2024-12-16 00:00:00+00:00,0.016873955198929536
2024-12-17 00:00:00+00:00,-0.0021815678887118243
2024-12-18 00:00:00+00:00,-0.009999999999999959
2024-12-19 00:00:00+00:00,0.001611061982474533
2024-12-20 00:00:00+00:00,0.009935145737545857
2024-12-22 00:00:00+00:00,0.0
2024-12-23 00:00:00+00:00,-0.009999999999999952
2024-12-24 00:00:00+00:00,0.011391243900444473
2024-12-25 00:00:00+00:00,0.001746040400185278
2024-12-26 00:00:00+00:00,-0.0013453098165361133
2024-12-27 00:00:00+00:00,-0.001912888984602265
2024-12-29 00:00:00+00:00,0.0
2024-12-30 00:00:00+00:00,-0.009999999999999981
2024-12-31 00:00:00+00:00,0.003089721410248864
2025-01-01 00:00:00+00:00,0.0
2025-01-02 00:00:00+00:00,-0.010000000000000021
2025-01-03 00:00:00+00:00,0.0011261065962209365
2025-01-05 00:00:00+00:00,0.0
2025-01-06 00:00:00+00:00,-0.01000000000000003
2025-01-07 00:00:00+00:00,0.014330296054220234
2025-01-08 00:00:00+00:00,-0.003337900349260558
2025-01-09 00:00:00+00:00,0.0
2025-01-10 00:00:00+00:00,-0.0031697786792340117
2025-01-12 00:00:00+00:00,0.0
2025-01-13 00:00:00+00:00,0.0015464156184891217
2025-01-14 00:00:00+00:00,0.0033714277979805408
2025-01-15 00:00:00+00:00,0.0025196019991746217
2025-01-16 00:00:00+00:00,0.0014783336926417912
2025-01-17 00:00:00+00:00,-0.0018944198073006775
2025-01-19 00:00:00+00:00,0.0
2025-01-20 00:00:00+00:00,-0.0026753607468033174
2025-01-21 00:00:00+00:00,0.0008352233507543902
2025-01-22 00:00:00+00:00,-0.00140942987731521
2025-01-23 00:00:00+00:00,0.003327628486768239
2025-01-24 00:00:00+00:00,0.010744483660462519
2025-01-26 00:00:00+00:00,0.0
2025-01-27 00:00:00+00:00,-0.004695527402533727
2025-01-28 00:00:00+00:00,0.009515947848325223
2025-01-29 00:00:00+00:00,-0.0032012396045817
2025-01-30 00:00:00+00:00,0.0025983097974222567
2025-01-31 00:00:00+00:00,-0.010000000000000122
2025-02-02 00:00:00+00:00,0.0
2025-02-03 00:00:00+00:00,-0.01
2025-02-04 00:00:00+00:00,0.0016206189520887335
2025-02-05 00:00:00+00:00,0.005770726034224753
2025-02-06 00:00:00+00:00,-0.002042214177169977
2025-02-07 00:00:00+00:00,0.00659768596481033
2025-02-09 00:00:00+00:00,0.0
2025-02-10 00:00:00+00:00,0.001502728585950376
2025-02-11 00:00:00+00:00,-0.003685546798415803
2025-02-12 00:00:00+00:00,0.002217620768353031
2025-02-13 00:00:00+00:00,0.005123922802661924
2025-02-14 00:00:00+00:00,0.004331010165009079
2025-02-16 00:00:00+00:00,0.0
2025-02-17 00:00:00+00:00,-0.003277023843181643
2025-02-18 00:00:00+00:00,-0.008912343400575042
2025-02-19 00:00:00+00:00,-0.009999999999999912
2025-02-20 00:00:00+00:00,-0.006465320813317156
2025-02-21 00:00:00+00:00,0.030826291079811927
2025-02-23 00:00:00+00:00,0.0
2025-02-24 00:00:00+00:00,-0.00036497386590944613
2025-02-25 00:00:00+00:00,-0.0011613306021661402
2025-02-26 00:00:00+00:00,-0.01000000000000003
2025-02-27 00:00:00+00:00,0.010762907568640331
2025-02-28 00:00:00+00:00,0.002459354247767426
2025-03-02 00:00:00+00:00,0.0
2025-03-03 00:00:00+00:00,0.008888351234938165
2025-03-04 00:00:00+00:00,-0.010000000000000047
2025-03-05 00:00:00+00:00,-0.010000000000000024
2025-03-06 00:00:00+00:00,-0.01
2025-03-07 00:00:00+00:00,-0.005785076152048747
2025-03-09 00:00:00+00:00,0.0
2025-03-10 00:00:00+00:00,0.01209664793686182
2025-03-11 00:00:00+00:00,-0.00999999999999997
2025-03-12 00:00:00+00:00,-0.0021260837828696094
2025-03-13 00:00:00+00:00,0.0018130689940560822
2025-03-14 00:00:00+00:00,0.0012083449080502984
2025-03-16 00:00:00+00:00,0.0
2025-03-17 00:00:00+00:00,-0.00815056757335626
2025-03-18 00:00:00+00:00,-0.0013861040257292841
2025-03-19 00:00:00+00:00,0.0099883281551767
2025-03-20 00:00:00+00:00,-0.00531647418950895
2025-03-21 00:00:00+00:00,0.0021733874202160795
2025-03-23 00:00:00+00:00,0.0
2025-03-24 00:00:00+00:00,0.0025606324534367952
2025-03-25 00:00:00+00:00,0.00070384848548186
2025-03-26 00:00:00+00:00,0.011715153452685501
2025-03-27 00:00:00+00:00,-0.0013505348584926084
2025-03-28 00:00:00+00:00,0.01205887401304516
2025-03-30 00:00:00+00:00,0.0
2025-03-31 00:00:00+00:00,0.006499886345753693
2025-04-01 00:00:00+00:00,-0.00999999999999995
2025-04-02 00:00:00+00:00,0.006049518879072528
2025-04-03 00:00:00+00:00,0.0045736951554516386
2025-04-04 00:00:00+00:00,0.0030234784690035756
2025-04-06 00:00:00+00:00,0.0
2025-04-07 00:00:00+00:00,-0.004781046500837892
2025-04-08 00:00:00+00:00,-0.010000000000000038
2025-04-09 00:00:00+00:00,0.02383192475698816
2025-04-10 00:00:00+00:00,0.007837829207857572
2025-04-11 00:00:00+00:00,-0.00999999999999999
2025-04-13 00:00:00+00:00,0.0
2025-04-14 00:00:00+00:00,-0.0032600465805632966
2025-04-15 00:00:00+00:00,0.00011053222186594543
2025-04-16 00:00:00+00:00,-0.010000000000000035
2025-04-17 00:00:00+00:00,-0.0028580945064137215
2025-04-20 00:00:00+00:00,0.0
2025-04-21 00:00:00+00:00,0.0057730027627905505
2025-04-22 00:00:00+00:00,0.003213201820940759
2025-04-23 00:00:00+00:00,-0.010000000000000018
2025-04-24 00:00:00+00:00,0.009020845958065425
2025-04-25 00:00:00+00:00,0.003367227373615423
2025-04-27 00:00:00+00:00,0.0
2025-04-28 00:00:00+00:00,-0.003090564253796037
2025-04-29 00:00:00+00:00,0.002738467880099361
2025-04-30 00:00:00+00:00,0.007115446299695247
2025-05-01 00:00:00+00:00,-0.0008499676741556054
2025-05-02 00:00:00+00:00,0.0026508886987928705
2025-05-04 00:00:00+00:00,0.0
2025-05-05 00:00:00+00:00,0.0016864890580400138
2025-05-06 00:00:00+00:00,0.002817155103274934
2025-05-07 00:00:00+00:00,-0.00999999999999991
2025-05-08 00:00:00+00:00,-0.01
2025-05-09 00:00:00+00:00,-0.001286198852362308
2025-05-11 00:00:00+00:00,0.0
2025-05-12 00:00:00+00:00,-0.005420652469522741
2025-05-13 00:00:00+00:00,0.005981912332105289
2025-05-14 00:00:00+00:00,0.0
2025-05-15 00:00:00+00:00,-0.0003434118867644384
2025-05-16 00:00:00+00:00,-0.009999999999999907
2025-05-18 00:00:00+00:00,0.0
2025-05-19 00:00:00+00:00,0.002311797407703273
2025-05-20 00:00:00+00:00,-0.010000000000000073
2025-05-21 00:00:00+00:00,-0.009999999999999972
2025-05-22 00:00:00+00:00,-0.0016457019739552173
2025-05-23 00:00:00+00:00,0.001957797992324076
2025-05-25 00:00:00+00:00,0.0
2025-05-26 00:00:00+00:00,0.00040396465716769936
2025-05-27 00:00:00+00:00,-0.004893476277968525
2025-05-28 00:00:00+00:00,0.002112703935990733
2025-05-29 00:00:00+00:00,0.0021762864747633484
2025-05-30 00:00:00+00:00,-0.006883941463814309
2025-06-01 00:00:00+00:00,0.0
2025-06-02 00:00:00+00:00,0.0031849366706875127
2025-06-03 00:00:00+00:00,0.0057313129719816685
2025-06-04 00:00:00+00:00,-0.004673670339324216
2025-06-05 00:00:00+00:00,-0.009999999999999962
2025-06-06 00:00:00+00:00,-0.0023234299356720907
2025-06-08 00:00:00+00:00,0.0
2025-06-09 00:00:00+00:00,-0.001032521143777775
2025-06-10 00:00:00+00:00,0.002616718208227837
2025-06-11 00:00:00+00:00,-0.010000000000000078
2025-06-12 00:00:00+00:00,-0.00022118762290526198
2025-06-13 00:00:00+00:00,-0.009999999999999976
2025-06-15 00:00:00+00:00,0.0
2025-06-16 00:00:00+00:00,-0.0012779133802673828
2025-06-17 00:00:00+00:00,-0.01
2025-06-18 00:00:00+00:00,-0.01
2025-06-19 00:00:00+00:00,0.0
2025-06-20 00:00:00+00:00,0.009776065362152203
2025-06-22 00:00:00+00:00,0.0
2025-06-23 00:00:00+00:00,-0.01000000000000003
2025-06-24 00:00:00+00:00,0.005680020232675668
2025-06-25 00:00:00+00:00,0.0032822068576265095
2025-06-26 00:00:00+00:00,0.007218980273696595
2025-06-27 00:00:00+00:00,-0.01000000000000009
2025-06-29 00:00:00+00:00,0.0
2025-06-30 00:00:00+00:00,0.0
2025-07-01 00:00:00+00:00,0.004334320806124089
2025-07-02 00:00:00+00:00,0.004583744216035683
2025-07-03 00:00:00+00:00,-0.0009202599873177351
2025-07-04 00:00:00+00:00,-0.013928683182040056
2025-07-06 00:00:00+00:00,0.011424925322342665
2025-07-07 00:00:00+00:00,-0.016575982152984968
2025-07-08 00:00:00+00:00,-0.0003328869332312611
2025-07-09 00:00:00+00:00,-0.006211801115620564
2025-07-10 00:00:00+00:00,-0.0070895697161957654
2025-07-11 00:00:00+00:00,-0.0007993590523709863
2025-07-13 00:00:00+00:00,0.0
2025-07-14 00:00:00+00:00,0.0022162124068428723
2025-07-15 00:00:00+00:00,-0.0006568158379686435
2025-07-16 00:00:00+00:00,-0.006555263064280931
2025-07-17 00:00:00+00:00,0.006994964632538261
2025-07-18 00:00:00+00:00,0.0020515522051403894
2025-07-20 00:00:00+00:00,0.0
2025-07-21 00:00:00+00:00,-0.004223418152902547
2025-07-22 00:00:00+00:00,0.0
2025-07-23 00:00:00+00:00,-0.00999999999999995
2025-07-24 00:00:00+00:00,-0.007937421126865296
2025-07-25 00:00:00+00:00,0.0017308934337995734
2025-07-27 00:00:00+00:00,0.0
2025-07-28 00:00:00+00:00,-0.0008160156500545589
2025-07-29 00:00:00+00:00,0.010170072768840245
2025-07-30 00:00:00+00:00,-0.009999999999999882
2025-07-31 00:00:00+00:00,0.006644386370489703
2025-08-01 00:00:00+00:00,-0.0013623007419378485
2025-08-03 00:00:00+00:00,0.0
2025-08-04 00:00:00+00:00,0.000558417615741263
2025-08-05 00:00:00+00:00,0.010509600425775971
2025-08-06 00:00:00+00:00,0.009465907812022854
2025-08-07 00:00:00+00:00,0.0055544096150721214
2025-08-08 00:00:00+00:00,0.0010107219442458033
2025-08-10 00:00:00+00:00,0.0
2025-08-11 00:00:00+00:00,-0.009999999999999835
2025-08-12 00:00:00+00:00,0.003932700491772367
2025-08-13 00:00:00+00:00,0.009916904567699973
2025-08-14 00:00:00+00:00,-0.0022366099609912268
2025-08-15 00:00:00+00:00,-0.004214097364647093
2025-08-17 00:00:00+00:00,0.0
2025-08-18 00:00:00+00:00,-0.0037827770335983157
2025-08-19 00:00:00+00:00,0.010902383654937819
2025-08-20 00:00:00+00:00,-0.010000000000000026
2025-08-21 00:00:00+00:00,-0.009999999999999924
2025-08-22 00:00:00+00:00,-0.001815157091801182
2025-08-24 00:00:00+00:00,0.0
2025-08-25 00:00:00+00:00,-0.0008297168276013066
2025-08-26 00:00:00+00:00,-0.0006444903916325107
2025-08-27 00:00:00+00:00,0.005812472292005272
2025-08-28 00:00:00+00:00,0.001323799956428068
2025-08-29 00:00:00+00:00,-0.0013757949125597984
2025-08-31 00:00:00+00:00,0.0
2025-09-01 00:00:00+00:00,-0.009999999999999903
2025-09-02 00:00:00+00:00,-0.0007176025146451453
2025-09-03 00:00:00+00:00,-0.010000000000000085
2025-09-04 00:00:00+00:00,-0.01000000000000004
2025-09-05 00:00:00+00:00,0.005293907663017412
2025-09-07 00:00:00+00:00,0.0
2025-09-08 00:00:00+00:00,-0.006746082318512421
2025-09-09 00:00:00+00:00,-0.007573174136190928
2025-09-10 00:00:00+00:00,0.0016097393385938344
2025-09-11 00:00:00+00:00,0.0006624898480101067
2025-09-12 00:00:00+00:00,0.004439835272191378
2025-09-14 00:00:00+00:00,0.0
2025-09-15 00:00:00+00:00,0.001230430391111514
2025-09-16 00:00:00+00:00,-0.0019432254899290952
2025-09-17 00:00:00+00:00,-0.009999999999999903
2025-09-18 00:00:00+00:00,-0.002086532806855636
2025-09-19 00:00:00+00:00,-0.007913565666919314
2025-09-21 00:00:00+00:00,0.0
2025-09-22 00:00:00+00:00,0.00832625725868285
2025-09-23 00:00:00+00:00,0.0089161392405063
2025-09-24 00:00:00+00:00,0.006045249452107612
2025-09-25 00:00:00+00:00,-0.0004957726718928121
2025-09-26 00:00:00+00:00,-0.006486047615479007
2025-09-28 00:00:00+00:00,0.0
2025-09-29 00:00:00+00:00,-0.01
2025-09-30 00:00:00+00:00,-1.8752009143791528e-05
2025-10-01 00:00:00+00:00,0.006758902444874266
2025-10-02 00:00:00+00:00,0.0
2025-10-03 00:00:00+00:00,0.005609854198089311
2025-10-05 00:00:00+00:00,0.0
2025-10-06 00:00:00+00:00,-0.0017000946073794827
2025-10-07 00:00:00+00:00,0.014109993348852433
2025-10-08 00:00:00+00:00,0.007580158730158729
2025-10-09 00:00:00+00:00,-0.002350233599646561
2025-10-10 00:00:00+00:00,0.03475574125376527
2025-10-12 00:00:00+00:00,0.0
2025-10-13 00:00:00+00:00,0.0015046588349640474
2025-10-14 00:00:00+00:00,-0.0002390683612340836
2025-10-15 00:00:00+00:00,-0.01
2025-10-16 00:00:00+00:00,-0.010000000000000026
2025-10-17 00:00:00+00:00,0.0020250753145489527
2025-10-19 00:00:00+00:00,0.0
2025-10-20 00:00:00+00:00,0.0019641317641396535
2025-10-21 00:00:00+00:00,-0.0006229755652693396
2025-10-22 00:00:00+00:00,0.005133513097072377
2025-10-23 00:00:00+00:00,0.0029971805127532313
2025-10-24 00:00:00+00:00,0.00018155302501032762
2025-10-26 00:00:00+00:00,0.0
2025-10-27 00:00:00+00:00,0.008534178999295454
2025-10-28 00:00:00+00:00,-0.01
2025-10-29 00:00:00+00:00,0.004401907262801411
2025-10-30 00:00:00+00:00,0.0
2025-10-31 00:00:00+00:00,-0.0020674079221682197
2025-11-02 00:00:00+00:00,0.0
2025-11-03 00:00:00+00:00,-0.0035580796777083565
2025-11-04 00:00:00+00:00,0.001098876768549498
2025-11-05 00:00:00+00:00,0.004610858337432229
2025-11-06 00:00:00+00:00,0.0058545645387750225
2025-11-07 00:00:00+00:00,-0.008134893933491595
2025-11-09 00:00:00+00:00,0.0
2025-11-10 00:00:00+00:00,-0.009999999999999917
2025-11-11 00:00:00+00:00,-0.007236804641064912
2025-11-12 00:00:00+00:00,-0.0033437009559139385
2025-11-13 00:00:00+00:00,0.004097102726022757
2025-11-14 00:00:00+00:00,0.002551510574018042
2025-11-16 00:00:00+00:00,0.0
2025-11-17 00:00:00+00:00,0.003019758639040031
2025-11-18 00:00:00+00:00,-0.004163230988221629
2025-11-19 00:00:00+00:00,-0.01
2025-11-20 00:00:00+00:00,-0.01
2025-11-21 00:00:00+00:00,-0.01000000000000001
2025-11-23 00:00:00+00:00,0.0
2025-11-24 00:00:00+00:00,0.008335529741851118
2025-11-25 00:00:00+00:00,0.005009651761349448
2025-11-26 00:00:00+00:00,0.0020019253690290273
2025-11-27 00:00:00+00:00,0.0
2025-11-28 00:00:00+00:00,0.00393869948305817
2025-11-30 00:00:00+00:00,-0.0002278102174504948
2025-12-01 00:00:00+00:00,-0.01351611811723841
2025-12-02 00:00:00+00:00,-0.010000000000000071
2025-12-03 00:00:00+00:00,0.0032702318702177357
2025-12-04 00:00:00+00:00,-0.002051807846566755
2025-12-05 00:00:00+00:00,-0.01000000000000003
2025-12-07 00:00:00+00:00,0.0
2025-12-08 00:00:00+00:00,0.005787252168525301
2025-12-09 00:00:00+00:00,0.0036774123521108827
2025-12-10 00:00:00+00:00,0.00713443329763866
2025-12-11 00:00:00+00:00,-4.139750705120062e-05
2025-12-12 00:00:00+00:00,0.013716979982328069
2025-12-14 00:00:00+00:00,0.0
2025-12-15 00:00:00+00:00,0.004948729252117821
2025-12-16 00:00:00+00:00,-0.005454217965290058
2025-12-17 00:00:00+00:00,0.006330722841108919
2025-12-18 00:00:00+00:00,-0.0015813675835502706
2025-12-19 00:00:00+00:00,-0.00044925538405914193
2025-12-21 00:00:00+00:00,0.0
2025-12-22 00:00:00+00:00,0.0
2025-12-23 00:00:00+00:00,0.001482571560480082
2025-12-24 00:00:00+00:00,0.005417424787373435
2025-12-25 00:00:00+00:00,0.00421042609909886
2025-12-26 00:00:00+00:00,-0.0013550966868359116
2025-12-28 00:00:00+00:00,0.0
2025-12-29 00:00:00+00:00,-0.0037412511355932286
2025-12-30 00:00:00+00:00,-0.004116161148842365
2025-12-31 00:00:00+00:00,0.00361279490645819
2026-01-01 00:00:00+00:00,0.0
2026-01-02 00:00:00+00:00,0.011849298539159253
2026-01-04 00:00:00+00:00,0.0
2026-01-05 00:00:00+00:00,-0.0037566581926034297
2026-01-06 00:00:00+00:00,0.004183904669995291
2026-01-07 00:00:00+00:00,-0.0045257469802926185
2026-01-08 00:00:00+00:00,0.0
2026-01-09 00:00:00+00:00,0.004562486718768387
2026-01-11 00:00:00+00:00,0.0
2026-01-12 00:00:00+00:00,0.0018207252770902954
2026-01-13 00:00:00+00:00,0.0039000441306264524
2026-01-14 00:00:00+00:00,-0.0010519809231418875
2026-01-15 00:00:00+00:00,0.008200920386562232
2026-01-16 00:00:00+00:00,0.0007922482645366747
2026-01-18 00:00:00+00:00,0.0
2026-01-19 00:00:00+00:00,0.00405319041359068
2026-01-20 00:00:00+00:00,-0.024053190413590816
2026-01-21 00:00:00+00:00,0.003796220213640076
2026-01-22 00:00:00+00:00,-0.009999999999999934
2026-01-23 00:00:00+00:00,0.0024822141840810143
2026-01-25 00:00:00+00:00,0.0
2026-01-26 00:00:00+00:00,0.00013254228730097195
2026-01-27 00:00:00+00:00,0.0022877616113949734
2026-01-28 00:00:00+00:00,0.0016826923076921972
2026-01-29 00:00:00+00:00,-0.008370980046248876
2026-01-30 00:00:00+00:00,0.005239283036160625
2026-02-01 00:00:00+00:00,0.0
2026-02-02 00:00:00+00:00,-0.0011607121361678794
2026-02-03 00:00:00+00:00,0.006947747591354818
2026-02-04 00:00:00+00:00,0.002495609927417485
2026-02-05 00:00:00+00:00,-0.0011552403702598643
2026-02-06 00:00:00+00:00,0.003723112526570108
2026-02-08 00:00:00+00:00,0.0
2026-02-09 00:00:00+00:00,0.006260229228373505
2026-02-10 00:00:00+00:00,-0.006907557168435018
2026-02-11 00:00:00+00:00,-0.004152402947097447
2026-02-12 00:00:00+00:00,0.0116817379143604
2026-02-13 00:00:00+00:00,-0.0024259896008052
2026-02-15 00:00:00+00:00,0.0
2026-02-16 00:00:00+00:00,-0.00999999999999993
2026-02-17 00:00:00+00:00,-0.001108919206962095
2026-02-18 00:00:00+00:00,-0.004152481623922076
2026-02-19 00:00:00+00:00,-0.004081420399673182
2026-02-20 00:00:00+00:00,0.0024188397663406557
2026-02-22 00:00:00+00:00,0.0
2026-02-23 00:00:00+00:00,0.004155183825741562
2026-02-24 00:00:00+00:00,0.0006654783125370505
2026-02-25 00:00:00+00:00,0.0012175596739290113
2026-02-26 00:00:00+00:00,7.132842050345589e-05
2026-02-27 00:00:00+00:00,-0.0007498665124144255
2026-03-01 00:00:00+00:00,0.0
2026-03-02 00:00:00+00:00,0.002538054630854059
2026-03-03 00:00:00+00:00,-0.009999999999999953
2026-03-04 00:00:00+00:00,0.0062910924369747635
2026-03-05 00:00:00+00:00,-4.159239453397439e-06
2026-03-06 00:00:00+00:00,-0.0036798017488316737
2026-03-08 00:00:00+00:00,0.0
2026-03-09 00:00:00+00:00,0.01293455597634144
2026-03-10 00:00:00+00:00,-0.010000000000000063
2026-03-11 00:00:00+00:00,0.0005145167217933701
2026-03-12 00:00:00+00:00,0.0012389275946288476
2026-03-13 00:00:00+00:00,0.008591804088293358
2026-03-15 00:00:00+00:00,0.0
2026-03-16 00:00:00+00:00,0.0
2026-03-17 00:00:00+00:00,0.0
2026-03-18 00:00:00+00:00,0.008275216941326302
2026-03-19 00:00:00+00:00,0.0010126467109451993
2026-03-20 00:00:00+00:00,0.007783824041054205
2026-03-22 00:00:00+00:00,0.0
2026-03-23 00:00:00+00:00,-0.0018423804580574043
2026-03-24 00:00:00+00:00,-0.00291789913250984
2026-03-25 00:00:00+00:00,0.0005521787286922406
2026-03-26 00:00:00+00:00,0.007625724633618439
2026-03-27 00:00:00+00:00,0.0060343476849726565
2026-03-29 00:00:00+00:00,0.0
2026-03-30 00:00:00+00:00,0.00724921630094049
2026-03-31 00:00:00+00:00,0.0030317692598187534
2026-04-01 00:00:00+00:00,0.0007911915621436942
2026-04-02 00:00:00+00:00,0.00802285503038981
2026-04-03 00:00:00+00:00,0.0
2026-04-05 00:00:00+00:00,0.0
2026-04-06 00:00:00+00:00,-0.004328841572364578
2026-04-07 00:00:00+00:00,-0.0070175600649509855
2026-04-08 00:00:00+00:00,0.0019389013378591094
2026-04-09 00:00:00+00:00,-0.010000000000000064
2026-04-10 00:00:00+00:00,-0.0046727340641029725
2026-04-12 00:00:00+00:00,0.0
2026-04-13 00:00:00+00:00,0.007783106226002992
2026-04-14 00:00:00+00:00,0.013724024353727918
2026-04-15 00:00:00+00:00,0.01669449243850831
2026-04-16 00:00:00+00:00,-3.099659590952802e-05
2026-04-17 00:00:00+00:00,0.0022472734649069664
2026-04-19 00:00:00+00:00,0.0
2026-04-20 00:00:00+00:00,-0.0013025391593735674
2026-04-21 00:00:00+00:00,-0.009999999999999905
2026-04-22 00:00:00+00:00,0.007845552528721916
2026-04-23 00:00:00+00:00,-0.009999999999999933
2026-04-24 00:00:00+00:00,0.0046552051271240135
2026-04-26 00:00:00+00:00,0.0
2026-04-27 00:00:00+00:00,-9.956503386147516e-05
2026-04-28 00:00:00+00:00,-0.0038541079391113398
2026-04-29 00:00:00+00:00,0.0004176556284884873
2026-04-30 00:00:00+00:00,0.00437828755113969
2026-05-01 00:00:00+00:00,-0.0007713565402889449
2026-05-03 00:00:00+00:00,0.0
2026-05-04 00:00:00+00:00,-0.009999999999999974
2026-05-05 00:00:00+00:00,0.002224140807474144
2026-05-06 00:00:00+00:00,0.0047209854148343436
2026-05-07 00:00:00+00:00,-0.010000000000000073
2026-05-08 00:00:00+00:00,0.00908551870420345
2026-05-10 00:00:00+00:00,0.0
2026-05-11 00:00:00+00:00,-0.002900440346773126
2026-05-12 00:00:00+00:00,-0.0013474213861154305
2026-05-13 00:00:00+00:00,0.007258913172689924
2026-05-14 00:00:00+00:00,0.0013918185927377044
2026-05-15 00:00:00+00:00,-0.00011897156149666771
2026-05-17 00:00:00+00:00,0.0
2026-05-18 00:00:00+00:00,0.0008103033161998804
2026-05-19 00:00:00+00:00,-0.01000000000000003
2026-05-20 00:00:00+00:00,0.005281973816716912
2026-05-21 00:00:00+00:00,0.0021787051157632275
2026-05-22 00:00:00+00:00,-0.007793920372573295
2026-05-24 00:00:00+00:00,0.0
2026-05-25 00:00:00+00:00,0.00353464878197115
2026-05-26 00:00:00+00:00,-0.009899667470384472
2026-05-27 00:00:00+00:00,-0.004584108872747979
2026-05-28 00:00:00+00:00,0.005344139573730822
2026-05-29 00:00:00+00:00,-0.005607923256660443
2026-05-31 00:00:00+00:00,0.0
2026-06-01 00:00:00+00:00,0.0034746606045666126
2026-06-02 00:00:00+00:00,0.0023942221838184714
2026-06-03 00:00:00+00:00,0.0
2026-06-04 00:00:00+00:00,0.0030668811454981665
2026-06-05 00:00:00+00:00,0.01678060033941439
2026-06-07 00:00:00+00:00,0.0
2026-06-08 00:00:00+00:00,-0.006133497756862996
2026-06-09 00:00:00+00:00,0.01973305750601727
2026-06-10 00:00:00+00:00,-0.010000000000000026
2026-06-11 00:00:00+00:00,-0.01000000000000003
2026-06-12 00:00:00+00:00,0.0023090190980901665
2026-06-14 00:00:00+00:00,0.0
2026-06-15 00:00:00+00:00,0.0013224044322559445
2026-06-16 00:00:00+00:00,0.011455673758865234
2026-06-17 00:00:00+00:00,0.008174377025366
2026-06-18 00:00:00+00:00,0.0032613400770053562
2026-06-19 00:00:00+00:00,-0.003280414994616847
2026-06-21 00:00:00+00:00,-0.006719585005383081
2026-06-22 00:00:00+00:00,0.006330191854594389
2026-06-23 00:00:00+00:00,-0.009999999999999955
2026-06-24 00:00:00+00:00,-0.010000000000000035
2026-06-25 00:00:00+00:00,0.0
2026-06-26 00:00:00+00:00,-0.0013129931577171385
2026-06-28 00:00:00+00:00,0.0
2026-06-29 00:00:00+00:00,-0.009999999999999974
2026-06-30 00:00:00+00:00,0.005406819062378911
2026-07-01 00:00:00+00:00,-0.0050597605580316955
2026-07-02 00:00:00+00:00,0.010129503079389162
2026-07-03 00:00:00+00:00,-0.0001956784527048464
2026-07-05 00:00:00+00:00,-0.009804321547295108
2026-07-06 00:00:00+00:00,4.4130868583263385e-05
2026-07-07 00:00:00+00:00,0.0010071483859218457
2026-07-08 00:00:00+00:00,-0.006763963481970734
2026-07-09 00:00:00+00:00,-0.0004031846009494846
2026-07-10 00:00:00+00:00,0.001904756468797619
2026-07-12 00:00:00+00:00,0.0
2026-07-13 00:00:00+00:00,0.001839400393713488
2026-07-14 00:00:00+00:00,-0.004085461888722527
2026-07-15 00:00:00+00:00,0.001347920901084039
2026-07-16 00:00:00+00:00,0.003450051953112301
2026-07-17 00:00:00+00:00,-0.00042689055520094563
2026-07-19 00:00:00+00:00,0.0
2026-07-20 00:00:00+00:00,0.0033063255697999136
2026-07-21 00:00:00+00:00,0.0015062114877850276
2026-07-22 00:00:00+00:00,-0.0035127075638517868
2026-07-23 00:00:00+00:00,0.003592988562903977
2026-07-24 00:00:00+00:00,0.00033532766941890264
2026-07-26 00:00:00+00:00,0.0
2026-07-27 00:00:00+00:00,0.0027083570917610343
2026-07-28 00:00:00+00:00,-0.009999999999999986
2026-07-29 00:00:00+00:00,-0.010000000000000014
2026-07-30 00:00:00+00:00,0.00012883570119517706
2026-07-31 00:00:00+00:00,-0.008665556474668715
2026-08-02 00:00:00+00:00,0.0
2026-08-03 00:00:00+00:00,0.006850893173630891
2026-08-04 00:00:00+00:00,0.015883635797180818
2026-08-05 00:00:00+00:00,0.005384724487624975
2026-08-06 00:00:00+00:00,-0.0032504344537587623
2026-08-07 00:00:00+00:00,-0.00588720835711439
2026-08-09 00:00:00+00:00,0.0
2026-08-10 00:00:00+00:00,-0.004788123434891361
2026-08-11 00:00:00+00:00,-0.000523084052597946
2026-08-12 00:00:00+00:00,-0.0005867791170143541
2026-08-13 00:00:00+00:00,-0.00014026444762096376
2026-08-14 00:00:00+00:00,0.0029688978142167594
2026-08-16 00:00:00+00:00,0.0
2026-08-17 00:00:00+00:00,-0.00788895774951497
2026-08-18 00:00:00+00:00,-0.0006058360292318792
2026-08-19 00:00:00+00:00,-0.004655584113366849
2026-08-20 00:00:00+00:00,-0.000992882622440907
2026-08-21 00:00:00+00:00,-0.010000000000000071
2026-08-23 00:00:00+00:00,0.0
2026-08-24 00:00:00+00:00,0.0
2026-08-25 00:00:00+00:00,0.00029369799539456727
2026-08-26 00:00:00+00:00,0.0
2026-08-27 00:00:00+00:00,0.0009726045353256889
2026-08-28 00:00:00+00:00,-0.009999999999999927
2026-08-30 00:00:00+00:00,0.0
2026-08-31 00:00:00+00:00,-0.004590975105067729
2026-09-01 00:00:00+00:00,-0.002481058038471447
2026-09-02 00:00:00+00:00,0.0020628136957709466
2026-09-03 00:00:00+00:00,0.001861953073750257
2026-09-04 00:00:00+00:00,-0.00034956445245456217
2026-09-06 00:00:00+00:00,0.0
2026-09-07 00:00:00+00:00,0.0004175267404763614
2026-09-08 00:00:00+00:00,-0.01041752674047646
2026-09-09 00:00:00+00:00,-0.001795624701322186
2026-09-10 00:00:00+00:00,-0.0015634995990080963
2026-09-11 00:00:00+00:00,-0.0016836137202484705
2026-09-13 00:00:00+00:00,0.0
2026-09-14 00:00:00+00:00,0.006861477697046491
2026-09-15 00:00:00+00:00,0.007152501707500639
2026-09-16 00:00:00+00:00,-0.01
2026-09-17 00:00:00+00:00,0.001401675347104049
2026-09-18 00:00:00+00:00,-0.00780311234775659
2026-09-20 00:00:00+00:00,0.0
2026-09-21 00:00:00+00:00,0.02481672680504441
2026-09-22 00:00:00+00:00,0.0038796959858765417
2026-09-23 00:00:00+00:00,-0.0012980769230769966
2026-09-24 00:00:00+00:00,0.005293658816628518
2026-09-25 00:00:00+00:00,-0.006248140188460965
2026-09-27 00:00:00+00:00,0.0
2026-09-28 00:00:00+00:00,-0.0015419395073277796
2026-09-29 00:00:00+00:00,-0.002716183361123846
