entrada,salida,lado,ret,velas
2007-06-07 00:00:00+00:00,2007-06-26 00:00:00+00:00,1,0.018329806347911592,14
2007-07-02 00:00:00+00:00,2007-08-13 00:00:00+00:00,-1,-0.011913441940899605,30
2007-10-24 00:00:00+00:00,2007-12-05 00:00:00+00:00,1,0.011162333604118668,30
2008-02-14 00:00:00+00:00,2008-03-28 00:00:00+00:00,-1,0.014782835771917968,30
2008-06-19 00:00:00+00:00,2008-07-16 00:00:00+00:00,-1,-0.019076848508131294,19
2008-09-08 00:00:00+00:00,2008-10-17 00:00:00+00:00,-1,-0.035993444735127555,30
2009-01-21 00:00:00+00:00,2009-02-02 00:00:00+00:00,-1,-0.020845064391666113,9
2009-02-06 00:00:00+00:00,2009-03-20 00:00:00+00:00,1,0.006563425974350334,30
2009-05-13 00:00:00+00:00,2009-06-24 00:00:00+00:00,-1,-0.007273771346472779,30
2009-10-15 00:00:00+00:00,2009-11-25 00:00:00+00:00,1,0.05699631141565398,30
2009-11-30 00:00:00+00:00,2010-01-12 00:00:00+00:00,1,-0.025673043548204544,30
2010-02-26 00:00:00+00:00,2010-04-09 00:00:00+00:00,-1,0.0035676054493116727,30
2010-06-11 00:00:00+00:00,2010-07-23 00:00:00+00:00,1,-0.011210495196613879,30
2010-08-13 00:00:00+00:00,2010-09-13 00:00:00+00:00,1,-0.034437950789890426,21
2011-02-04 00:00:00+00:00,2011-03-18 00:00:00+00:00,-1,-0.005249385320907463,30
2011-08-08 00:00:00+00:00,2011-08-23 00:00:00+00:00,-1,-0.06460651254836058,12
2011-09-08 00:00:00+00:00,2011-09-27 00:00:00+00:00,1,-0.004760888801239149,14
2012-01-25 00:00:00+00:00,2012-03-07 00:00:00+00:00,1,-0.001550053452688327,30
2012-03-15 00:00:00+00:00,2012-04-26 00:00:00+00:00,1,0.016609903737057508,30
2012-06-05 00:00:00+00:00,2012-07-17 00:00:00+00:00,-1,0.005426334046485737,30
2012-07-27 00:00:00+00:00,2012-09-07 00:00:00+00:00,-1,-0.0077312763913148785,30
2012-10-11 00:00:00+00:00,2012-11-26 00:00:00+00:00,1,-0.006871799324544847,30
2013-02-11 00:00:00+00:00,2013-03-25 00:00:00+00:00,1,0.0019783530446155773,30
2013-08-16 00:00:00+00:00,2013-09-24 00:00:00+00:00,1,-0.0001630285023473954,27
2013-10-22 00:00:00+00:00,2013-12-03 00:00:00+00:00,-1,0.0033322075360981973,30
2014-01-09 00:00:00+00:00,2014-02-21 00:00:00+00:00,1,0.005558941581628618,30
2014-05-19 00:00:00+00:00,2014-06-30 00:00:00+00:00,-1,0.007118868304111681,30
2015-01-13 00:00:00+00:00,2015-01-28 00:00:00+00:00,-1,-0.006716813632304031,11
2015-03-02 00:00:00+00:00,2015-03-05 00:00:00+00:00,1,-0.0011998377738636767,4
2015-03-09 00:00:00+00:00,2015-03-09 00:00:00+00:00,1,0.001980143146257607,1
2015-03-11 00:00:00+00:00,2015-03-11 00:00:00+00:00,1,-0.00047253083475828905,1
2015-03-13 00:00:00+00:00,2015-04-24 00:00:00+00:00,1,0.009478476620174314,30
2015-07-15 00:00:00+00:00,2015-08-05 00:00:00+00:00,-1,0.021045230346837362,16
2015-11-16 00:00:00+00:00,2015-12-29 00:00:00+00:00,1,0.00042420792119712836,30
2016-03-07 00:00:00+00:00,2016-04-18 00:00:00+00:00,1,-0.037282856992620905,30
2016-11-23 00:00:00+00:00,2017-01-06 00:00:00+00:00,1,-0.021201358059719788,30
2017-04-28 00:00:00+00:00,2017-06-09 00:00:00+00:00,-1,-0.006666633103284747,30
2017-06-15 00:00:00+00:00,2017-07-27 00:00:00+00:00,-1,-0.009037309226026302,30
2017-09-15 00:00:00+00:00,2017-10-26 00:00:00+00:00,1,-0.01626240636192633,30
2017-12-29 00:00:00+00:00,2018-02-12 00:00:00+00:00,-1,-0.020984162978447518,30
2018-03-05 00:00:00+00:00,2018-04-16 00:00:00+00:00,-1,-0.012346654395375856,30
2018-05-14 00:00:00+00:00,2018-06-12 00:00:00+00:00,1,-0.016075032335770123,21
2018-07-11 00:00:00+00:00,2018-08-21 00:00:00+00:00,1,0.013328594294741647,30
2019-01-28 00:00:00+00:00,2019-03-11 00:00:00+00:00,1,0.00920390458946696,30
2019-04-30 00:00:00+00:00,2019-06-11 00:00:00+00:00,-1,-0.031087113339200778,30
2019-06-13 00:00:00+00:00,2019-07-19 00:00:00+00:00,-1,-0.03605603700324356,26
2019-08-06 00:00:00+00:00,2019-09-17 00:00:00+00:00,1,-0.03521235920491572,30
2020-02-19 00:00:00+00:00,2020-02-26 00:00:00+00:00,1,0.020614610323657967,6
2020-02-28 00:00:00+00:00,2020-03-11 00:00:00+00:00,1,0.022439337567618844,9
2020-03-16 00:00:00+00:00,2020-04-27 00:00:00+00:00,-1,-0.13738805124413356,30
2020-06-26 00:00:00+00:00,2020-08-07 00:00:00+00:00,1,0.018553126932172148,30
2021-01-07 00:00:00+00:00,2021-02-02 00:00:00+00:00,1,-0.03209618190071295,18
2021-02-11 00:00:00+00:00,2021-03-25 00:00:00+00:00,-1,0.06888571966326662,30
2021-05-18 00:00:00+00:00,2021-06-29 00:00:00+00:00,1,-0.005307699183403125,30
2021-08-26 00:00:00+00:00,2021-10-07 00:00:00+00:00,-1,0.0014373126268174552,30
2021-11-29 00:00:00+00:00,2022-01-05 00:00:00+00:00,-1,-0.014859680740208159,27
2022-02-24 00:00:00+00:00,2022-04-06 00:00:00+00:00,1,0.014258329543614279,30
2022-05-31 00:00:00+00:00,2022-07-13 00:00:00+00:00,-1,0.006893798594085121,30
2022-09-15 00:00:00+00:00,2022-10-26 00:00:00+00:00,1,-0.016937541700217773,30
2022-12-02 00:00:00+00:00,2023-01-17 00:00:00+00:00,-1,-0.032992284314261155,30
2023-05-22 00:00:00+00:00,2023-07-05 00:00:00+00:00,-1,0.012670232802375114,30
2023-08-17 00:00:00+00:00,2023-09-21 00:00:00+00:00,-1,0.003362037680482821,25
2024-03-08 00:00:00+00:00,2024-04-19 00:00:00+00:00,1,-0.009150316737137398,30
2024-06-03 00:00:00+00:00,2024-07-16 00:00:00+00:00,-1,-0.027846532283711922,30
2024-08-19 00:00:00+00:00,2024-09-30 00:00:00+00:00,-1,-0.026078515240886224,30
2024-11-01 00:00:00+00:00,2024-12-13 00:00:00+00:00,1,0.003203239854838502,30
2025-01-28 00:00:00+00:00,2025-03-11 00:00:00+00:00,-1,-0.010898843146721182,30
2025-03-20 00:00:00+00:00,2025-05-01 00:00:00+00:00,1,0.06143349723704694,30
2025-05-05 00:00:00+00:00,2025-06-16 00:00:00+00:00,1,-0.05495263792308891,30
2025-07-15 00:00:00+00:00,2025-08-25 00:00:00+00:00,-1,-0.0011045630485020386,30
2025-10-29 00:00:00+00:00,2025-12-10 00:00:00+00:00,1,-0.06622962864672233,30
2026-01-09 00:00:00+00:00,2026-02-23 00:00:00+00:00,-1,-0.05402211087403652,30
2026-04-30 00:00:00+00:00,2026-06-11 00:00:00+00:00,1,-0.041881527627130044,30
2026-06-15 00:00:00+00:00,2026-07-28 00:00:00+00:00,1,0.017384808145450625,30
2026-07-30 00:00:00+00:00,2026-09-02 00:00:00+00:00,1,0.0019256198115182865,25
2006-12-13 00:00:00+00:00,2007-01-29 00:00:00+00:00,-1,0.009686539291929419,30
2007-03-20 00:00:00+00:00,2007-05-01 00:00:00+00:00,1,0.04196627914711448,30
2007-08-30 00:00:00+00:00,2007-10-11 00:00:00+00:00,-1,-0.006109706893421163,30
2008-01-30 00:00:00+00:00,2008-03-12 00:00:00+00:00,-1,0.0007328736965737104,30
2008-03-14 00:00:00+00:00,2008-04-25 00:00:00+00:00,-1,-0.013640599098849182,30
2008-06-16 00:00:00+00:00,2008-07-28 00:00:00+00:00,1,-0.04176152490250029,30
2008-09-18 00:00:00+00:00,2008-10-29 00:00:00+00:00,-1,0.06355567188284228,30
2009-04-02 00:00:00+00:00,2009-04-03 00:00:00+00:00,1,-0.0026010804850301605,2
2009-04-07 00:00:00+00:00,2009-05-19 00:00:00+00:00,1,0.02727612271154789,30
2009-06-05 00:00:00+00:00,2009-07-17 00:00:00+00:00,1,-0.01545254272014751,30
2009-09-02 00:00:00+00:00,2009-10-14 00:00:00+00:00,-1,-0.01948098427993994,30
2009-11-23 00:00:00+00:00,2010-01-06 00:00:00+00:00,1,-0.0025256048272080944,30
2010-03-02 00:00:00+00:00,2010-04-13 00:00:00+00:00,-1,-0.00894197223806037,30
2010-06-28 00:00:00+00:00,2010-08-09 00:00:00+00:00,1,0.08009775637917471,30
2010-08-11 00:00:00+00:00,2010-09-22 00:00:00+00:00,1,0.003956671161072789,30
2010-12-30 00:00:00+00:00,2011-02-10 00:00:00+00:00,-1,-0.0019472494246278726,30
2011-02-14 00:00:00+00:00,2011-03-28 00:00:00+00:00,-1,-0.033197457510762196,30
2011-07-29 00:00:00+00:00,2011-09-09 00:00:00+00:00,-1,-0.017375399833090333,30
2011-09-13 00:00:00+00:00,2011-10-24 00:00:00+00:00,-1,-9.91970769607109e-05,30
2011-12-02 00:00:00+00:00,2012-01-17 00:00:00+00:00,1,0.019657221305494188,30
2012-03-16 00:00:00+00:00,2012-04-27 00:00:00+00:00,1,0.043113297799318495,30
2012-05-01 00:00:00+00:00,2012-06-12 00:00:00+00:00,1,-0.030015708176813538,30
2012-08-24 00:00:00+00:00,2012-10-05 00:00:00+00:00,-1,-0.02066705839880112,30
2013-01-31 00:00:00+00:00,2013-03-14 00:00:00+00:00,-1,-0.021115680708474915,30
2013-07-26 00:00:00+00:00,2013-09-06 00:00:00+00:00,-1,0.014797859087448684,30
2013-10-08 00:00:00+00:00,2013-11-11 00:00:00+00:00,1,0.0022906208219501956,25
2014-04-01 00:00:00+00:00,2014-05-06 00:00:00+00:00,-1,-0.020754508634506674,25
2014-08-13 00:00:00+00:00,2014-09-24 00:00:00+00:00,-1,-0.030804588569227298,30
2014-12-22 00:00:00+00:00,2015-02-03 00:00:00+00:00,1,-0.008303985292904215,29
2015-02-19 00:00:00+00:00,2015-04-01 00:00:00+00:00,-1,0.0019799441533305817,30
2015-04-14 00:00:00+00:00,2015-05-26 00:00:00+00:00,1,-0.00038378239381475776,30
2015-12-01 00:00:00+00:00,2016-01-13 00:00:00+00:00,1,0.006933479437122969,30
2016-03-07 00:00:00+00:00,2016-03-30 00:00:00+00:00,-1,-0.018159996312296367,17
2016-04-04 00:00:00+00:00,2016-05-13 00:00:00+00:00,1,-0.016911625145924147,30
2016-07-08 00:00:00+00:00,2016-08-18 00:00:00+00:00,-1,0.01598800173766679,30
2016-11-18 00:00:00+00:00,2016-11-22 00:00:00+00:00,1,0.004307321915796525,3
2016-11-25 00:00:00+00:00,2017-01-09 00:00:00+00:00,1,-0.0018156765332782987,30
2017-02-28 00:00:00+00:00,2017-04-10 00:00:00+00:00,-1,-0.016872679495225307,30
2017-05-16 00:00:00+00:00,2017-06-27 00:00:00+00:00,1,0.016798062007254755,30
2017-07-20 00:00:00+00:00,2017-08-30 00:00:00+00:00,1,0.003483042149350135,30
2017-10-05 00:00:00+00:00,2017-11-15 00:00:00+00:00,-1,-0.020394903074843262,30
2018-07-20 00:00:00+00:00,2018-08-07 00:00:00+00:00,-1,-0.026358752632101967,13
2018-08-31 00:00:00+00:00,2018-10-12 00:00:00+00:00,1,0.021618626678125308,30
2018-11-08 00:00:00+00:00,2018-12-21 00:00:00+00:00,1,0.010324436681169669,30
2019-02-28 00:00:00+00:00,2019-04-10 00:00:00+00:00,-1,-0.016626480022777113,30
2019-04-12 00:00:00+00:00,2019-05-24 00:00:00+00:00,-1,-0.058389152968019165,30
2019-06-20 00:00:00+00:00,2019-08-01 00:00:00+00:00,1,0.03416696760748161,30
2019-08-05 00:00:00+00:00,2019-09-16 00:00:00+00:00,1,-0.014142227141098473,30
2019-11-01 00:00:00+00:00,2019-12-13 00:00:00+00:00,-1,-0.007874477236353483,30
2020-02-03 00:00:00+00:00,2020-03-16 00:00:00+00:00,1,0.015991638743622527,30
2020-07-13 00:00:00+00:00,2020-08-21 00:00:00+00:00,-1,-0.00978017138169951,30
2020-08-25 00:00:00+00:00,2020-09-22 00:00:00+00:00,-1,-0.04384556763153846,20
2021-02-16 00:00:00+00:00,2021-03-29 00:00:00+00:00,-1,-0.010985468520401276,30
2021-05-24 00:00:00+00:00,2021-07-06 00:00:00+00:00,1,-0.013000834294894625,30
2021-10-07 00:00:00+00:00,2021-11-17 00:00:00+00:00,-1,-0.015435740125135156,30
2022-01-04 00:00:00+00:00,2022-02-15 00:00:00+00:00,1,0.037458060224026646,30
2022-05-23 00:00:00+00:00,2022-05-24 00:00:00+00:00,-1,-0.010913263890924396,2
2022-05-26 00:00:00+00:00,2022-07-11 00:00:00+00:00,-1,0.011343220978542679,30
2022-10-28 00:00:00+00:00,2022-12-08 00:00:00+00:00,-1,-0.05023321810440118,29
2023-04-13 00:00:00+00:00,2023-05-24 00:00:00+00:00,-1,0.027533118868711792,30
2023-09-12 00:00:00+00:00,2023-10-23 00:00:00+00:00,1,0.007598881941870639,30
2024-02-23 00:00:00+00:00,2024-03-08 00:00:00+00:00,1,-0.004342579750075681,11
2024-03-12 00:00:00+00:00,2024-04-16 00:00:00+00:00,1,-0.0251538869681458,25
2024-07-09 00:00:00+00:00,2024-08-19 00:00:00+00:00,-1,-0.05493955055696076,30
2024-09-11 00:00:00+00:00,2024-10-22 00:00:00+00:00,1,-0.000987991471272709,30
2024-11-06 00:00:00+00:00,2024-12-18 00:00:00+00:00,1,0.026026390532295718,30
2025-04-11 00:00:00+00:00,2025-05-23 00:00:00+00:00,-1,0.013096131401824751,30
2025-07-17 00:00:00+00:00,2025-08-27 00:00:00+00:00,1,0.007289411577802385,30
2025-10-13 00:00:00+00:00,2025-11-10 00:00:00+00:00,-1,-0.03937380306625593,21
2025-11-26 00:00:00+00:00,2026-01-09 00:00:00+00:00,1,-0.009481795202688104,30
2026-05-15 00:00:00+00:00,2026-06-29 00:00:00+00:00,-1,-0.04731404427391095,30
2026-07-01 00:00:00+00:00,2026-08-12 00:00:00+00:00,-1,-0.051451131074179424,30
2007-03-29 00:00:00+00:00,2007-05-10 00:00:00+00:00,-1,-0.009639653513117574,30
2007-09-19 00:00:00+00:00,2007-10-24 00:00:00+00:00,-1,-0.01966659737512888,26
2007-12-05 00:00:00+00:00,2008-01-17 00:00:00+00:00,1,-0.0016091714595012352,30
2008-02-12 00:00:00+00:00,2008-03-26 00:00:00+00:00,-1,0.006245514731574753,30
2008-05-05 00:00:00+00:00,2008-05-09 00:00:00+00:00,-1,0.011001572978682983,5
2008-05-13 00:00:00+00:00,2008-06-24 00:00:00+00:00,-1,0.024043899491307696,30
2008-08-22 00:00:00+00:00,2008-10-03 00:00:00+00:00,1,0.018007049633688155,30
2009-01-22 00:00:00+00:00,2009-02-23 00:00:00+00:00,-1,0.05153025873788719,22
2009-03-06 00:00:00+00:00,2009-04-17 00:00:00+00:00,1,-0.013297479065375595,30
2009-07-15 00:00:00+00:00,2009-08-25 00:00:00+00:00,-1,0.011015586376995845,30
2009-10-09 00:00:00+00:00,2009-11-19 00:00:00+00:00,-1,-0.03820295736568802,30
2010-02-23 00:00:00+00:00,2010-04-06 00:00:00+00:00,1,-0.010122198653739756,30
2010-04-08 00:00:00+00:00,2010-04-27 00:00:00+00:00,1,-0.014643842225444903,14
2010-10-06 00:00:00+00:00,2010-11-16 00:00:00+00:00,-1,-0.0601371077654127,30
2010-12-16 00:00:00+00:00,2011-01-28 00:00:00+00:00,1,0.012980436666190087,30
2011-03-28 00:00:00+00:00,2011-05-09 00:00:00+00:00,-1,-0.00766916659557304,30
2011-06-23 00:00:00+00:00,2011-08-04 00:00:00+00:00,-1,0.04009622417693981,30
2011-08-11 00:00:00+00:00,2011-09-22 00:00:00+00:00,1,0.01642036889860843,30
2011-11-09 00:00:00+00:00,2011-12-21 00:00:00+00:00,-1,-0.03310610663200564,30
2012-01-27 00:00:00+00:00,2012-03-09 00:00:00+00:00,1,-0.03053973360337703,30
2012-04-16 00:00:00+00:00,2012-05-25 00:00:00+00:00,-1,-0.0020741872076220913,30
2012-05-30 00:00:00+00:00,2012-07-11 00:00:00+00:00,-1,-0.0007775105454890241,30
2012-09-18 00:00:00+00:00,2012-10-31 00:00:00+00:00,1,0.02029668437344423,30
2012-11-02 00:00:00+00:00,2012-11-27 00:00:00+00:00,1,0.005333334934161549,17
2012-12-07 00:00:00+00:00,2013-01-22 00:00:00+00:00,-1,0.004678267184431206,30
2013-06-05 00:00:00+00:00,2013-07-17 00:00:00+00:00,1,0.01602677460017876,30
2013-07-19 00:00:00+00:00,2013-08-29 00:00:00+00:00,1,-0.0275980499216808,30
2013-12-05 00:00:00+00:00,2014-01-17 00:00:00+00:00,1,0.039938368600114904,30
2014-08-04 00:00:00+00:00,2014-09-15 00:00:00+00:00,-1,0.0052613304908364356,30
2014-09-17 00:00:00+00:00,2014-10-08 00:00:00+00:00,-1,0.003302652185559918,16
2015-01-12 00:00:00+00:00,2015-02-24 00:00:00+00:00,-1,0.015200978235807794,30
2015-03-16 00:00:00+00:00,2015-04-27 00:00:00+00:00,1,-0.012425017294194318,30
2015-06-19 00:00:00+00:00,2015-07-31 00:00:00+00:00,-1,0.007054773888394594,30
2015-12-03 00:00:00+00:00,2016-01-15 00:00:00+00:00,1,0.011428362249829904,30
2016-03-21 00:00:00+00:00,2016-04-20 00:00:00+00:00,-1,-0.00490849475753985,22
2016-05-05 00:00:00+00:00,2016-06-16 00:00:00+00:00,1,0.020914829175115113,30
2016-08-05 00:00:00+00:00,2016-08-16 00:00:00+00:00,1,-0.0020349539980536457,8
2016-08-18 00:00:00+00:00,2016-08-18 00:00:00+00:00,1,-0.0014273767815334848,1
2016-08-22 00:00:00+00:00,2016-08-22 00:00:00+00:00,1,0.002282791438420473,1
2016-08-24 00:00:00+00:00,2016-10-05 00:00:00+00:00,1,-0.011450021364314611,30
2016-11-07 00:00:00+00:00,2016-12-19 00:00:00+00:00,-1,-0.037316582401490495,30
2017-03-21 00:00:00+00:00,2017-03-30 00:00:00+00:00,-1,-0.017372644886170296,8
2017-04-05 00:00:00+00:00,2017-04-21 00:00:00+00:00,1,-0.005122188811136352,12
2017-04-25 00:00:00+00:00,2017-06-06 00:00:00+00:00,1,0.008752115844517405,30
2017-07-10 00:00:00+00:00,2017-08-18 00:00:00+00:00,-1,0.041761617308297305,30
2017-09-01 00:00:00+00:00,2017-10-03 00:00:00+00:00,-1,-0.07198294030425545,22
2018-01-09 00:00:00+00:00,2018-02-21 00:00:00+00:00,1,-0.02329324105008246,30
2018-07-16 00:00:00+00:00,2018-08-09 00:00:00+00:00,-1,0.013984176668404347,19
2018-08-21 00:00:00+00:00,2018-09-07 00:00:00+00:00,1,0.032155828363218175,13
2018-09-13 00:00:00+00:00,2018-10-24 00:00:00+00:00,-1,0.07410144344849434,30
2018-12-18 00:00:00+00:00,2019-01-31 00:00:00+00:00,1,-0.038131703389813976,30
2019-04-04 00:00:00+00:00,2019-05-01 00:00:00+00:00,-1,-0.012148352681158547,19
2019-07-09 00:00:00+00:00,2019-08-19 00:00:00+00:00,-1,0.05273201244850556,30
2019-10-25 00:00:00+00:00,2019-12-06 00:00:00+00:00,1,-2.5933340574324504e-05,30
2020-01-14 00:00:00+00:00,2020-02-10 00:00:00+00:00,-1,0.04913400009224733,19
2020-03-09 00:00:00+00:00,2020-04-20 00:00:00+00:00,1,-0.011765038275015294,30
2020-06-30 00:00:00+00:00,2020-08-11 00:00:00+00:00,-1,0.000838634050904119,30
2020-08-13 00:00:00+00:00,2020-09-15 00:00:00+00:00,-1,0.036500875737652816,23
2020-09-25 00:00:00+00:00,2020-11-05 00:00:00+00:00,1,-0.01769585749484559,30
2020-12-10 00:00:00+00:00,2021-01-25 00:00:00+00:00,-1,-0.044479831851100715,30
2021-02-19 00:00:00+00:00,2021-04-01 00:00:00+00:00,1,-0.018529592015197105,30
2021-04-29 00:00:00+00:00,2021-05-27 00:00:00+00:00,1,0.011474616976069107,21
2021-07-26 00:00:00+00:00,2021-09-03 00:00:00+00:00,-1,0.009688800678531395,30
2021-10-22 00:00:00+00:00,2021-12-03 00:00:00+00:00,-1,0.025371206871037,30
2021-12-07 00:00:00+00:00,2022-01-19 00:00:00+00:00,-1,-0.05389645923781261,30
2022-06-22 00:00:00+00:00,2022-08-03 00:00:00+00:00,-1,-0.012005526816738277,30
2022-10-13 00:00:00+00:00,2022-11-23 00:00:00+00:00,1,0.02188129877922318,30
2023-03-01 00:00:00+00:00,2023-04-12 00:00:00+00:00,-1,-0.0299955722498344,30
2023-04-14 00:00:00+00:00,2023-05-25 00:00:00+00:00,-1,0.03710484425204785,30
2023-06-22 00:00:00+00:00,2023-08-03 00:00:00+00:00,1,-0.001813507897680311,30
2023-10-30 00:00:00+00:00,2023-12-11 00:00:00+00:00,-1,0.033247012874702886,30
2024-03-22 00:00:00+00:00,2024-04-02 00:00:00+00:00,-1,-0.017139075576651064,7
2024-04-08 00:00:00+00:00,2024-05-17 00:00:00+00:00,1,-0.015461315424614486,30
2024-08-05 00:00:00+00:00,2024-08-06 00:00:00+00:00,-1,-0.012016911390200447,2
2024-08-08 00:00:00+00:00,2024-08-08 00:00:00+00:00,-1,-0.002720371080582873,1
2024-08-12 00:00:00+00:00,2024-08-12 00:00:00+00:00,-1,-0.001199196329232044,1
2024-08-14 00:00:00+00:00,2024-09-25 00:00:00+00:00,-1,0.024356999326443418,30
2024-11-25 00:00:00+00:00,2025-01-08 00:00:00+00:00,1,-0.09120056304916979,30
2025-04-03 00:00:00+00:00,2025-05-15 00:00:00+00:00,1,-0.013568640186093606,30
2025-10-06 00:00:00+00:00,2025-10-15 00:00:00+00:00,-1,0.0059680460444184735,8
2025-10-22 00:00:00+00:00,2025-11-25 00:00:00+00:00,1,0.02470932499817713,25
2025-12-19 00:00:00+00:00,2026-01-12 00:00:00+00:00,-1,-0.02835726099357605,15
2026-01-16 00:00:00+00:00,2026-03-02 00:00:00+00:00,1,0.005627330764780947,30
2026-07-06 00:00:00+00:00,2026-08-14 00:00:00+00:00,-1,0.004202449209473436,30
2026-09-11 00:00:00+00:00,2026-09-29 00:00:00+00:00,-1,-0.007106358504851418,13
2006-09-19 00:00:00+00:00,2006-10-30 00:00:00+00:00,-1,-0.030724471152939414,30
2006-11-10 00:00:00+00:00,2006-12-22 00:00:00+00:00,1,0.02135129480424114,30
2007-04-10 00:00:00+00:00,2007-05-03 00:00:00+00:00,1,-0.022025185698661298,18
2007-05-11 00:00:00+00:00,2007-06-22 00:00:00+00:00,-1,0.00967185840479079,30
2007-09-04 00:00:00+00:00,2007-10-01 00:00:00+00:00,-1,-0.05210228278473694,20
2007-10-08 00:00:00+00:00,2007-11-16 00:00:00+00:00,1,0.005854582757208515,30
2008-03-11 00:00:00+00:00,2008-04-16 00:00:00+00:00,1,0.0014351995870496292,26
2008-04-22 00:00:00+00:00,2008-06-03 00:00:00+00:00,-1,0.011873548353922958,30
2008-08-04 00:00:00+00:00,2008-09-15 00:00:00+00:00,1,-0.007826181800081322,30
2009-03-30 00:00:00+00:00,2009-04-13 00:00:00+00:00,-1,-0.006613825307674626,10
2009-04-23 00:00:00+00:00,2009-05-26 00:00:00+00:00,1,-0.02981801372252668,23
2009-09-14 00:00:00+00:00,2009-10-23 00:00:00+00:00,1,0.03427186143610461,30
2009-10-27 00:00:00+00:00,2009-12-08 00:00:00+00:00,1,-0.028050079350118495,30
2010-01-14 00:00:00+00:00,2010-02-26 00:00:00+00:00,-1,-0.00019406623982487492,30
2010-03-02 00:00:00+00:00,2010-04-13 00:00:00+00:00,-1,-0.007676815554862881,30
2010-05-24 00:00:00+00:00,2010-07-06 00:00:00+00:00,1,0.02024555016145091,30
2010-07-26 00:00:00+00:00,2010-09-03 00:00:00+00:00,1,-0.001956264721650669,30
2010-11-15 00:00:00+00:00,2010-12-28 00:00:00+00:00,-1,0.011462526596850875,30
2011-05-13 00:00:00+00:00,2011-06-24 00:00:00+00:00,1,-0.006835281758987399,30
2011-07-22 00:00:00+00:00,2011-08-05 00:00:00+00:00,-1,0.03604708201802209,11
2011-08-12 00:00:00+00:00,2011-09-23 00:00:00+00:00,1,0.01182466869023946,30
2012-02-08 00:00:00+00:00,2012-03-21 00:00:00+00:00,1,-0.01672324649911694,30
2012-07-02 00:00:00+00:00,2012-08-13 00:00:00+00:00,-1,-0.02202791052089703,30
2012-09-06 00:00:00+00:00,2012-10-17 00:00:00+00:00,1,0.011586776788734321,30
2012-11-30 00:00:00+00:00,2013-01-14 00:00:00+00:00,-1,-0.00964452045005093,30
2013-01-30 00:00:00+00:00,2013-03-13 00:00:00+00:00,1,0.03724115911956072,30
2013-04-18 00:00:00+00:00,2013-05-30 00:00:00+00:00,-1,0.08553417334933022,30
2014-01-10 00:00:00+00:00,2014-02-24 00:00:00+00:00,-1,-0.01114414725732038,30
2014-04-01 00:00:00+00:00,2014-05-13 00:00:00+00:00,1,-0.013396357406041948,30
2014-06-19 00:00:00+00:00,2014-07-31 00:00:00+00:00,-1,0.0018645405706292362,30
2014-10-16 00:00:00+00:00,2014-11-26 00:00:00+00:00,1,-0.03298860333107689,30
2015-02-13 00:00:00+00:00,2015-03-27 00:00:00+00:00,-1,-0.029216257861499617,30
2015-06-25 00:00:00+00:00,2015-08-06 00:00:00+00:00,1,-0.011489959247421355,30
2015-12-07 00:00:00+00:00,2015-12-09 00:00:00+00:00,-1,-0.0026408072398199645,3
2015-12-11 00:00:00+00:00,2015-12-11 00:00:00+00:00,-1,0.002336194235236899,1
2015-12-15 00:00:00+00:00,2016-01-28 00:00:00+00:00,-1,-0.005556734425391396,30
2016-04-06 00:00:00+00:00,2016-05-17 00:00:00+00:00,1,0.018787553563927917,30
2016-07-19 00:00:00+00:00,2016-08-29 00:00:00+00:00,1,-0.0004932966459908483,30
2016-08-31 00:00:00+00:00,2016-10-12 00:00:00+00:00,1,0.00926048355367537,30
2016-12-09 00:00:00+00:00,2017-01-24 00:00:00+00:00,-1,-0.02206991711612405,30
2017-05-22 00:00:00+00:00,2017-07-03 00:00:00+00:00,-1,-0.010774201727198562,30
2017-12-13 00:00:00+00:00,2018-01-18 00:00:00+00:00,-1,-0.028082287109073456,24
2018-02-09 00:00:00+00:00,2018-03-14 00:00:00+00:00,1,0.025574234823459108,23
2018-07-11 00:00:00+00:00,2018-07-19 00:00:00+00:00,1,-0.00859973312689688,7
2018-07-24 00:00:00+00:00,2018-08-22 00:00:00+00:00,-1,-0.0006370958886560141,22
2018-08-30 00:00:00+00:00,2018-10-11 00:00:00+00:00,1,-0.03259689254094855,30
2018-10-15 00:00:00+00:00,2018-11-26 00:00:00+00:00,1,0.02295944563503438,30
2019-04-04 00:00:00+00:00,2019-05-16 00:00:00+00:00,1,-0.008507260186617516,30
2019-06-24 00:00:00+00:00,2019-06-24 00:00:00+00:00,1,0.002234559108174272,1
2019-06-26 00:00:00+00:00,2019-06-26 00:00:00+00:00,1,0.0009876113657683039,1
2019-06-28 00:00:00+00:00,2019-06-28 00:00:00+00:00,1,-0.004148096259947054,1
2019-07-02 00:00:00+00:00,2019-07-02 00:00:00+00:00,1,-0.001881085195153731,1
2019-07-05 00:00:00+00:00,2019-08-15 00:00:00+00:00,1,-0.002942047826203442,30
2019-10-02 00:00:00+00:00,2019-11-12 00:00:00+00:00,-1,-0.002136296076939992,30
2020-02-12 00:00:00+00:00,2020-03-05 00:00:00+00:00,-1,0.03133350935745294,16
2020-09-10 00:00:00+00:00,2020-10-21 00:00:00+00:00,1,0.006013554925804021,30
2020-10-30 00:00:00+00:00,2020-12-09 00:00:00+00:00,-1,-0.013374931784960853,28
2021-03-17 00:00:00+00:00,2021-04-28 00:00:00+00:00,-1,-0.01084366781543078,30
2021-08-17 00:00:00+00:00,2021-09-15 00:00:00+00:00,1,-0.00984789669418884,21
2021-10-18 00:00:00+00:00,2021-11-09 00:00:00+00:00,1,-0.00612673416182008,17
2021-11-19 00:00:00+00:00,2022-01-03 00:00:00+00:00,-1,-0.010526307853501504,30
2022-03-04 00:00:00+00:00,2022-04-14 00:00:00+00:00,1,0.039298129911947255,30
2022-09-13 00:00:00+00:00,2022-10-10 00:00:00+00:00,1,0.009289552194421846,20
2023-01-20 00:00:00+00:00,2023-03-03 00:00:00+00:00,1,-0.011463762167347902,30
2023-04-25 00:00:00+00:00,2023-06-06 00:00:00+00:00,-1,0.002191118163253236,30
2023-07-25 00:00:00+00:00,2023-09-05 00:00:00+00:00,-1,0.011595679515667756,30
2023-12-21 00:00:00+00:00,2024-02-05 00:00:00+00:00,1,-0.008461703140653531,30
2024-03-20 00:00:00+00:00,2024-05-01 00:00:00+00:00,-1,0.0037775958465464665,30
2024-05-07 00:00:00+00:00,2024-06-18 00:00:00+00:00,-1,-0.0263529742178934,30
2024-10-14 00:00:00+00:00,2024-11-22 00:00:00+00:00,-1,0.014223661905406582,30
2025-02-03 00:00:00+00:00,2025-03-04 00:00:00+00:00,-1,0.006229960399224188,21
2025-03-10 00:00:00+00:00,2025-04-21 00:00:00+00:00,1,-0.025231216510217647,30
2025-08-28 00:00:00+00:00,2025-09-10 00:00:00+00:00,1,-0.008817179691720245,9
2025-09-16 00:00:00+00:00,2025-09-26 00:00:00+00:00,-1,0.016073609727790927,9
2025-09-30 00:00:00+00:00,2025-09-30 00:00:00+00:00,-1,-0.00025168352941684624,1
2025-10-02 00:00:00+00:00,2025-11-12 00:00:00+00:00,-1,0.019738101408170783,30
2026-02-17 00:00:00+00:00,2026-03-30 00:00:00+00:00,1,-0.013987760466634303,30
2026-07-08 00:00:00+00:00,2026-08-18 00:00:00+00:00,-1,-0.015117103021311973,30
